as_of_jst,generated_at_utc,provider_name,newest_completed_window_end_jst,snapshot_lag_business_days,used_fallback_adjustment,run_status,notes
2026-03-25T08:00:00+09:00,2026-03-25T07:52:07Z,alpha_vantage,2026-03-25T08:00:00+09:00,0,False,idempotent_skip,
2026-03-26T08:00:00+09:00,2026-03-25T23:25:22Z,alpha_vantage,2026-03-26T08:00:00+09:00,0,False,ok,
2026-03-26T08:00:00+09:00,2026-03-26T05:07:40Z,alpha_vantage,2026-03-26T08:00:00+09:00,0,False,idempotent_skip,
2026-03-26T08:00:00+09:00,2026-03-26T08:02:05Z,alpha_vantage,2026-03-26T08:00:00+09:00,0,False,idempotent_skip,
2026-03-27T08:00:00+09:00,2026-03-26T23:22:09Z,alpha_vantage,2026-03-27T08:00:00+09:00,0,False,ok,
2026-03-27T08:00:00+09:00,2026-03-27T05:08:48Z,alpha_vantage,2026-03-27T08:00:00+09:00,0,False,idempotent_skip,
2026-03-27T08:00:00+09:00,2026-03-27T08:00:08Z,alpha_vantage,2026-03-27T08:00:00+09:00,0,False,idempotent_skip,
2026-03-30T08:00:00+09:00,2026-03-29T23:22:55Z,alpha_vantage,2026-03-30T08:00:00+09:00,0,False,ok,
2026-03-30T08:00:00+09:00,2026-03-30T05:26:25Z,alpha_vantage,2026-03-30T08:00:00+09:00,0,False,idempotent_skip,
2026-03-30T08:00:00+09:00,2026-03-30T08:21:34Z,alpha_vantage,2026-03-30T08:00:00+09:00,0,False,idempotent_skip,
2026-03-30T08:00:00+09:00,2026-03-30T23:26:58Z,alpha_vantage,2026-03-30T08:00:00+09:00,1,True,idempotent_skip,
2026-03-31T08:00:00+09:00,2026-03-31T06:16:57Z,alpha_vantage,2026-03-31T08:00:00+09:00,0,False,ok,
2026-03-31T08:00:00+09:00,2026-03-31T08:08:42Z,alpha_vantage,2026-03-31T08:00:00+09:00,0,False,idempotent_skip,
2026-03-31T08:00:00+09:00,2026-03-31T11:38:36Z,alpha_vantage,2026-03-31T08:00:00+09:00,0,False,idempotent_skip,
2026-04-01T08:00:00+09:00,2026-04-01T06:27:03Z,alpha_vantage,2026-04-01T08:00:00+09:00,0,False,ok,
2026-04-01T08:00:00+09:00,2026-04-01T08:15:48Z,alpha_vantage,2026-04-01T08:00:00+09:00,0,False,idempotent_skip,
2026-04-01T08:00:00+09:00,2026-04-01T11:41:08Z,alpha_vantage,2026-04-01T08:00:00+09:00,0,False,idempotent_skip,
2026-04-02T08:00:00+09:00,2026-04-02T06:13:13Z,alpha_vantage,2026-04-02T08:00:00+09:00,0,False,ok,
2026-04-02T08:00:00+09:00,2026-04-02T08:06:14Z,alpha_vantage,2026-04-02T08:00:00+09:00,0,False,idempotent_skip,
2026-04-02T08:00:00+09:00,2026-04-02T11:36:03Z,alpha_vantage,2026-04-02T08:00:00+09:00,0,False,idempotent_skip,
2026-04-03T08:00:00+09:00,2026-04-03T08:01:58Z,alpha_vantage,2026-04-03T08:00:00+09:00,0,False,ok,
2026-04-03T08:00:00+09:00,2026-04-03T11:28:40Z,alpha_vantage,2026-04-03T08:00:00+09:00,0,False,idempotent_skip,
2026-04-06T08:00:00+09:00,2026-04-06T06:55:23Z,alpha_vantage,2026-04-06T08:00:00+09:00,0,False,ok,
2026-04-06T08:00:00+09:00,2026-04-06T08:22:08Z,alpha_vantage,2026-04-06T08:00:00+09:00,0,False,idempotent_skip,
2026-04-06T08:00:00+09:00,2026-04-06T11:39:01Z,alpha_vantage,2026-04-06T08:00:00+09:00,0,False,idempotent_skip,
2026-04-07T08:00:00+09:00,2026-04-07T06:20:12Z,alpha_vantage,2026-04-07T08:00:00+09:00,0,False,ok,
2026-04-07T08:00:00+09:00,2026-04-07T08:12:53Z,alpha_vantage,2026-04-07T08:00:00+09:00,0,False,idempotent_skip,
2026-04-07T08:00:00+09:00,2026-04-07T11:42:30Z,alpha_vantage,2026-04-07T08:00:00+09:00,0,False,idempotent_skip,
2026-04-08T08:00:00+09:00,2026-04-08T06:21:35Z,alpha_vantage,2026-04-08T08:00:00+09:00,0,False,ok,
2026-04-08T08:00:00+09:00,2026-04-08T08:13:01Z,alpha_vantage,2026-04-08T08:00:00+09:00,0,False,idempotent_skip,
2026-04-08T08:00:00+09:00,2026-04-08T11:43:27Z,alpha_vantage,2026-04-08T08:00:00+09:00,0,False,idempotent_skip,
2026-04-09T08:00:00+09:00,2026-04-09T06:22:54Z,alpha_vantage,2026-04-09T08:00:00+09:00,0,False,ok,
2026-04-09T08:00:00+09:00,2026-04-09T08:20:14Z,alpha_vantage,2026-04-09T08:00:00+09:00,0,False,idempotent_skip,
2026-04-09T08:00:00+09:00,2026-04-09T11:42:19Z,alpha_vantage,2026-04-09T08:00:00+09:00,0,False,idempotent_skip,
2026-04-10T08:00:00+09:00,2026-04-10T06:54:06Z,alpha_vantage,2026-04-10T08:00:00+09:00,0,False,ok,
2026-04-10T08:00:00+09:00,2026-04-10T08:20:57Z,alpha_vantage,2026-04-10T08:00:00+09:00,0,False,idempotent_skip,
2026-04-10T08:00:00+09:00,2026-04-10T11:37:53Z,alpha_vantage,2026-04-10T08:00:00+09:00,0,False,idempotent_skip,
2026-04-13T08:00:00+09:00,2026-04-13T07:14:56Z,alpha_vantage,2026-04-13T08:00:00+09:00,0,False,ok,
2026-04-13T08:00:00+09:00,2026-04-13T09:01:04Z,alpha_vantage,2026-04-13T08:00:00+09:00,0,False,idempotent_skip,
2026-04-13T08:00:00+09:00,2026-04-13T11:57:44Z,alpha_vantage,2026-04-13T08:00:00+09:00,0,False,idempotent_skip,
2026-04-14T08:00:00+09:00,2026-04-14T06:53:39Z,alpha_vantage,2026-04-14T08:00:00+09:00,0,False,ok,
2026-04-14T08:00:00+09:00,2026-04-14T11:47:06Z,alpha_vantage,2026-04-14T08:00:00+09:00,0,False,idempotent_skip,
2026-04-15T08:00:00+09:00,2026-04-15T06:55:05Z,alpha_vantage,2026-04-15T08:00:00+09:00,0,False,ok,
2026-04-15T08:00:00+09:00,2026-04-15T08:27:08Z,alpha_vantage,2026-04-15T08:00:00+09:00,0,False,idempotent_skip,
2026-04-15T08:00:00+09:00,2026-04-15T11:44:24Z,alpha_vantage,2026-04-15T08:00:00+09:00,0,False,idempotent_skip,
2026-04-16T08:00:00+09:00,2026-04-16T06:57:47Z,alpha_vantage,2026-04-16T08:00:00+09:00,0,False,ok,
2026-04-16T08:00:00+09:00,2026-04-16T08:26:38Z,alpha_vantage,2026-04-16T08:00:00+09:00,0,False,idempotent_skip,
2026-04-16T08:00:00+09:00,2026-04-16T11:47:42Z,alpha_vantage,2026-04-16T08:00:00+09:00,0,False,idempotent_skip,
2026-04-17T08:00:00+09:00,2026-04-17T06:58:29Z,alpha_vantage,2026-04-17T08:00:00+09:00,0,False,ok,
2026-04-17T08:00:00+09:00,2026-04-17T08:26:06Z,alpha_vantage,2026-04-17T08:00:00+09:00,0,False,idempotent_skip,
2026-04-17T08:00:00+09:00,2026-04-17T11:41:06Z,alpha_vantage,2026-04-17T08:00:00+09:00,0,False,idempotent_skip,
2026-04-20T08:00:00+09:00,2026-04-20T07:17:38Z,alpha_vantage,2026-04-20T08:00:00+09:00,0,False,ok,
2026-04-20T08:00:00+09:00,2026-04-20T09:06:50Z,alpha_vantage,2026-04-20T08:00:00+09:00,0,False,idempotent_skip,
2026-04-20T08:00:00+09:00,2026-04-20T11:58:58Z,alpha_vantage,2026-04-20T08:00:00+09:00,0,False,idempotent_skip,
2026-04-21T08:00:00+09:00,2026-04-21T06:58:44Z,alpha_vantage,2026-04-21T08:00:00+09:00,0,False,ok,
2026-04-21T08:00:00+09:00,2026-04-21T08:52:39Z,alpha_vantage,2026-04-21T08:00:00+09:00,0,False,idempotent_skip,
2026-04-21T08:00:00+09:00,2026-04-21T11:51:02Z,alpha_vantage,2026-04-21T08:00:00+09:00,0,False,idempotent_skip,
2026-04-22T08:00:00+09:00,2026-04-22T06:57:42Z,alpha_vantage,2026-04-22T08:00:00+09:00,0,False,ok,
2026-04-22T08:00:00+09:00,2026-04-22T08:48:44Z,alpha_vantage,2026-04-22T08:00:00+09:00,0,False,idempotent_skip,
2026-04-22T08:00:00+09:00,2026-04-22T11:49:05Z,alpha_vantage,2026-04-22T08:00:00+09:00,0,False,idempotent_skip,
2026-04-23T08:00:00+09:00,2026-04-23T07:01:51Z,alpha_vantage,2026-04-23T08:00:00+09:00,0,False,ok,
2026-04-23T08:00:00+09:00,2026-04-23T08:52:39Z,alpha_vantage,2026-04-23T08:00:00+09:00,0,False,idempotent_skip,
2026-04-23T08:00:00+09:00,2026-04-23T11:50:20Z,alpha_vantage,2026-04-23T08:00:00+09:00,0,False,idempotent_skip,
2026-04-24T08:00:00+09:00,2026-04-24T07:04:45Z,alpha_vantage,2026-04-24T08:00:00+09:00,0,False,ok,
2026-04-24T08:00:00+09:00,2026-04-24T08:59:55Z,alpha_vantage,2026-04-24T08:00:00+09:00,0,False,idempotent_skip,
2026-04-24T08:00:00+09:00,2026-04-24T11:49:56Z,alpha_vantage,2026-04-24T08:00:00+09:00,0,False,idempotent_skip,
2026-04-27T08:00:00+09:00,2026-04-27T07:35:16Z,alpha_vantage,2026-04-27T08:00:00+09:00,0,False,ok,
2026-04-27T08:00:00+09:00,2026-04-27T09:16:31Z,alpha_vantage,2026-04-27T08:00:00+09:00,0,False,idempotent_skip,
2026-04-27T08:00:00+09:00,2026-04-27T12:13:25Z,alpha_vantage,2026-04-27T08:00:00+09:00,0,False,idempotent_skip,
2026-05-07T08:00:00+09:00,2026-05-07T00:26:00Z,alpha_vantage,2026-05-07T08:00:00+09:00,0,False,ok,
2026-05-08T08:00:00+09:00,2026-05-08T06:55:50Z,alpha_vantage,2026-05-08T08:00:00+09:00,0,False,ok,
2026-05-08T08:00:00+09:00,2026-05-08T08:20:52Z,alpha_vantage,2026-05-08T08:00:00+09:00,0,False,idempotent_skip,
2026-05-08T08:00:00+09:00,2026-05-08T12:06:38Z,alpha_vantage,2026-05-08T08:00:00+09:00,0,False,idempotent_skip,
2026-05-11T08:00:00+09:00,2026-05-11T08:29:36Z,alpha_vantage,2026-05-11T08:00:00+09:00,0,False,ok,
2026-05-11T08:00:00+09:00,2026-05-11T10:38:03Z,alpha_vantage,2026-05-11T08:00:00+09:00,0,False,idempotent_skip,
2026-05-11T08:00:00+09:00,2026-05-11T13:42:13Z,alpha_vantage,2026-05-11T08:00:00+09:00,0,False,idempotent_skip,
2026-05-12T08:00:00+09:00,2026-05-12T07:48:16Z,alpha_vantage,2026-05-12T08:00:00+09:00,0,False,ok,
2026-05-12T08:00:00+09:00,2026-05-12T09:37:33Z,alpha_vantage,2026-05-12T08:00:00+09:00,0,False,idempotent_skip,
2026-05-12T08:00:00+09:00,2026-05-12T13:02:20Z,alpha_vantage,2026-05-12T08:00:00+09:00,0,False,idempotent_skip,
2026-05-13T08:00:00+09:00,2026-05-13T07:54:54Z,alpha_vantage,2026-05-13T08:00:00+09:00,0,False,ok,
2026-05-13T08:00:00+09:00,2026-05-13T09:43:54Z,alpha_vantage,2026-05-13T08:00:00+09:00,0,False,idempotent_skip,
2026-05-13T08:00:00+09:00,2026-05-13T13:08:16Z,alpha_vantage,2026-05-13T08:00:00+09:00,0,False,idempotent_skip,
2026-05-14T08:00:00+09:00,2026-05-14T07:48:04Z,alpha_vantage,2026-05-14T08:00:00+09:00,0,False,ok,
2026-05-14T08:00:00+09:00,2026-05-14T09:33:47Z,alpha_vantage,2026-05-14T08:00:00+09:00,0,False,idempotent_skip,
2026-05-14T08:00:00+09:00,2026-05-14T12:22:56Z,alpha_vantage,2026-05-14T08:00:00+09:00,0,False,idempotent_skip,
2026-05-15T08:00:00+09:00,2026-05-15T08:07:53Z,alpha_vantage,2026-05-15T08:00:00+09:00,0,False,ok,
2026-05-15T08:00:00+09:00,2026-05-15T09:47:08Z,alpha_vantage,2026-05-15T08:00:00+09:00,0,False,idempotent_skip,
2026-05-15T08:00:00+09:00,2026-05-15T12:28:32Z,alpha_vantage,2026-05-15T08:00:00+09:00,0,False,idempotent_skip,
2026-05-18T08:00:00+09:00,2026-05-18T08:49:34Z,alpha_vantage,2026-05-18T08:00:00+09:00,0,False,ok,
2026-05-18T08:00:00+09:00,2026-05-18T11:06:30Z,alpha_vantage,2026-05-18T08:00:00+09:00,0,False,idempotent_skip,
2026-05-18T08:00:00+09:00,2026-05-18T14:27:30Z,alpha_vantage,2026-05-18T08:00:00+09:00,0,False,idempotent_skip,
2026-05-19T08:00:00+09:00,2026-05-19T08:33:55Z,alpha_vantage,2026-05-19T08:00:00+09:00,0,False,ok,
2026-05-19T08:00:00+09:00,2026-05-19T10:36:54Z,alpha_vantage,2026-05-19T08:00:00+09:00,0,False,idempotent_skip,
2026-05-19T08:00:00+09:00,2026-05-19T13:52:44Z,alpha_vantage,2026-05-19T08:00:00+09:00,0,False,idempotent_skip,
2026-05-20T08:00:00+09:00,2026-05-20T08:32:00Z,alpha_vantage,2026-05-20T08:00:00+09:00,0,False,ok,
2026-05-20T08:00:00+09:00,2026-05-20T10:24:07Z,alpha_vantage,2026-05-20T08:00:00+09:00,0,False,idempotent_skip,
2026-05-20T08:00:00+09:00,2026-05-20T13:35:17Z,alpha_vantage,2026-05-20T08:00:00+09:00,0,False,idempotent_skip,
2026-05-21T08:00:00+09:00,2026-05-21T08:39:18Z,alpha_vantage,2026-05-21T08:00:00+09:00,0,False,ok,
2026-05-21T08:00:00+09:00,2026-05-21T10:39:30Z,alpha_vantage,2026-05-21T08:00:00+09:00,0,False,idempotent_skip,
2026-05-21T08:00:00+09:00,2026-05-21T14:02:39Z,alpha_vantage,2026-05-21T08:00:00+09:00,0,False,idempotent_skip,
2026-05-22T08:00:00+09:00,2026-05-22T08:27:12Z,alpha_vantage,2026-05-22T08:00:00+09:00,0,False,ok,
2026-05-22T08:00:00+09:00,2026-05-22T10:24:09Z,alpha_vantage,2026-05-22T08:00:00+09:00,0,False,idempotent_skip,
2026-05-22T08:00:00+09:00,2026-05-22T13:26:57Z,alpha_vantage,2026-05-22T08:00:00+09:00,0,False,idempotent_skip,
2026-05-25T08:00:00+09:00,2026-05-25T11:09:38Z,alpha_vantage,2026-05-25T08:00:00+09:00,0,False,ok,
2026-05-25T08:00:00+09:00,2026-05-25T13:56:51Z,alpha_vantage,2026-05-25T08:00:00+09:00,0,False,idempotent_skip,
2026-05-26T08:00:00+09:00,2026-05-26T08:37:31Z,alpha_vantage,2026-05-26T08:00:00+09:00,0,False,ok,
2026-05-26T08:00:00+09:00,2026-05-26T13:51:03Z,alpha_vantage,2026-05-26T08:00:00+09:00,0,False,idempotent_skip,
2026-05-27T08:00:00+09:00,2026-05-27T08:42:48Z,alpha_vantage,2026-05-27T08:00:00+09:00,0,False,ok,
2026-05-27T08:00:00+09:00,2026-05-27T10:54:54Z,alpha_vantage,2026-05-27T08:00:00+09:00,0,False,idempotent_skip,
2026-05-27T08:00:00+09:00,2026-05-27T14:23:45Z,alpha_vantage,2026-05-27T08:00:00+09:00,0,False,idempotent_skip,
2026-05-28T08:00:00+09:00,2026-05-28T08:49:31Z,alpha_vantage,2026-05-28T08:00:00+09:00,0,False,ok,
2026-05-28T08:00:00+09:00,2026-05-28T10:55:26Z,alpha_vantage,2026-05-28T08:00:00+09:00,0,False,idempotent_skip,
2026-05-28T08:00:00+09:00,2026-05-28T14:34:08Z,alpha_vantage,2026-05-28T08:00:00+09:00,0,False,idempotent_skip,
2026-05-29T08:00:00+09:00,2026-05-29T08:47:35Z,alpha_vantage,2026-05-29T08:00:00+09:00,0,False,ok,
2026-05-29T08:00:00+09:00,2026-05-29T10:45:01Z,alpha_vantage,2026-05-29T08:00:00+09:00,0,False,idempotent_skip,
2026-05-29T08:00:00+09:00,2026-05-29T13:54:45Z,alpha_vantage,2026-05-29T08:00:00+09:00,0,False,idempotent_skip,
2026-06-01T08:00:00+09:00,2026-06-01T10:27:56Z,alpha_vantage,2026-06-01T08:00:00+09:00,0,False,ok,
2026-06-01T08:00:00+09:00,2026-06-01T12:36:09Z,alpha_vantage,2026-06-01T08:00:00+09:00,0,False,idempotent_skip,
2026-06-01T08:00:00+09:00,2026-06-01T16:34:04Z,alpha_vantage,2026-06-01T08:00:00+09:00,1,True,idempotent_skip,
2026-06-02T08:00:00+09:00,2026-06-02T09:15:37Z,alpha_vantage,2026-06-02T08:00:00+09:00,0,False,ok,
2026-06-02T08:00:00+09:00,2026-06-02T11:16:53Z,alpha_vantage,2026-06-02T08:00:00+09:00,0,False,idempotent_skip,
2026-06-02T08:00:00+09:00,2026-06-02T14:47:03Z,alpha_vantage,2026-06-02T08:00:00+09:00,0,False,idempotent_skip,
2026-06-03T08:00:00+09:00,2026-06-03T09:59:55Z,alpha_vantage,2026-06-03T08:00:00+09:00,0,False,ok,
2026-06-03T08:00:00+09:00,2026-06-03T11:55:40Z,alpha_vantage,2026-06-03T08:00:00+09:00,0,False,idempotent_skip,
2026-06-03T08:00:00+09:00,2026-06-03T15:25:45Z,alpha_vantage,2026-06-03T08:00:00+09:00,1,True,idempotent_skip,
2026-06-04T08:00:00+09:00,2026-06-04T08:55:38Z,alpha_vantage,2026-06-04T08:00:00+09:00,0,False,ok,
2026-06-04T08:00:00+09:00,2026-06-04T10:38:03Z,alpha_vantage,2026-06-04T08:00:00+09:00,0,False,idempotent_skip,
2026-06-04T08:00:00+09:00,2026-06-04T13:55:09Z,alpha_vantage,2026-06-04T08:00:00+09:00,0,False,idempotent_skip,
2026-06-05T08:00:00+09:00,2026-06-05T08:48:44Z,alpha_vantage,2026-06-05T08:00:00+09:00,0,False,ok,
2026-06-05T08:00:00+09:00,2026-06-05T10:45:23Z,alpha_vantage,2026-06-05T08:00:00+09:00,0,False,idempotent_skip,
2026-06-05T08:00:00+09:00,2026-06-05T13:50:27Z,alpha_vantage,2026-06-05T08:00:00+09:00,0,False,idempotent_skip,
2026-06-08T08:00:00+09:00,2026-06-08T09:27:43Z,alpha_vantage,2026-06-08T08:00:00+09:00,0,False,ok,
2026-06-08T08:00:00+09:00,2026-06-08T11:56:46Z,alpha_vantage,2026-06-08T08:00:00+09:00,0,False,idempotent_skip,
2026-06-08T08:00:00+09:00,2026-06-08T14:44:21Z,alpha_vantage,2026-06-08T08:00:00+09:00,0,False,idempotent_skip,
2026-06-09T08:00:00+09:00,2026-06-09T08:35:57Z,alpha_vantage,2026-06-09T08:00:00+09:00,0,False,ok,
2026-06-09T08:00:00+09:00,2026-06-09T10:33:51Z,alpha_vantage,2026-06-09T08:00:00+09:00,0,False,idempotent_skip,
2026-06-09T08:00:00+09:00,2026-06-09T13:41:02Z,alpha_vantage,2026-06-09T08:00:00+09:00,0,False,idempotent_skip,
2026-06-10T08:00:00+09:00,2026-06-10T08:55:49Z,alpha_vantage,2026-06-10T08:00:00+09:00,0,False,ok,
2026-06-10T08:00:00+09:00,2026-06-10T10:55:18Z,alpha_vantage,2026-06-10T08:00:00+09:00,0,False,idempotent_skip,
2026-06-10T08:00:00+09:00,2026-06-10T14:20:01Z,alpha_vantage,2026-06-10T08:00:00+09:00,0,False,idempotent_skip,
2026-06-11T08:00:00+09:00,2026-06-11T09:16:40Z,alpha_vantage,2026-06-11T08:00:00+09:00,0,False,ok,
2026-06-11T08:00:00+09:00,2026-06-11T11:21:44Z,alpha_vantage,2026-06-11T08:00:00+09:00,0,False,idempotent_skip,
2026-06-11T08:00:00+09:00,2026-06-11T14:33:23Z,alpha_vantage,2026-06-11T08:00:00+09:00,0,False,idempotent_skip,
2026-06-12T08:00:00+09:00,2026-06-12T09:05:16Z,alpha_vantage,2026-06-12T08:00:00+09:00,0,False,ok,
2026-06-12T08:00:00+09:00,2026-06-12T11:00:14Z,alpha_vantage,2026-06-12T08:00:00+09:00,0,False,idempotent_skip,
2026-06-12T08:00:00+09:00,2026-06-12T13:59:43Z,alpha_vantage,2026-06-12T08:00:00+09:00,0,False,idempotent_skip,
2026-06-15T08:00:00+09:00,2026-06-15T11:19:19Z,alpha_vantage,2026-06-15T08:00:00+09:00,0,False,ok,
2026-06-15T08:00:00+09:00,2026-06-15T13:11:43Z,alpha_vantage,2026-06-15T08:00:00+09:00,0,False,idempotent_skip,
2026-06-15T08:00:00+09:00,2026-06-15T16:14:00Z,alpha_vantage,2026-06-15T08:00:00+09:00,1,True,idempotent_skip,
2026-06-16T08:00:00+09:00,2026-06-16T10:16:11Z,alpha_vantage,2026-06-16T08:00:00+09:00,0,False,ok,
2026-06-16T08:00:00+09:00,2026-06-16T12:11:12Z,alpha_vantage,2026-06-16T08:00:00+09:00,0,False,idempotent_skip,
2026-06-16T08:00:00+09:00,2026-06-16T15:50:14Z,alpha_vantage,2026-06-16T08:00:00+09:00,1,True,idempotent_skip,
2026-06-17T08:00:00+09:00,2026-06-17T09:56:42Z,alpha_vantage,2026-06-17T08:00:00+09:00,0,False,ok,
2026-06-17T08:00:00+09:00,2026-06-17T11:46:11Z,alpha_vantage,2026-06-17T08:00:00+09:00,0,False,idempotent_skip,
2026-06-17T08:00:00+09:00,2026-06-17T14:23:30Z,alpha_vantage,2026-06-17T08:00:00+09:00,0,False,idempotent_skip,
2026-06-18T08:00:00+09:00,2026-06-18T09:21:02Z,alpha_vantage,2026-06-18T08:00:00+09:00,0,False,ok,
2026-06-18T08:00:00+09:00,2026-06-18T11:08:04Z,alpha_vantage,2026-06-18T08:00:00+09:00,0,False,idempotent_skip,
2026-06-18T08:00:00+09:00,2026-06-18T13:59:40Z,alpha_vantage,2026-06-18T08:00:00+09:00,0,False,idempotent_skip,
2026-06-19T08:00:00+09:00,2026-06-19T09:47:48Z,alpha_vantage,2026-06-19T08:00:00+09:00,0,False,ok,
2026-06-19T08:00:00+09:00,2026-06-19T11:21:09Z,alpha_vantage,2026-06-19T08:00:00+09:00,0,False,idempotent_skip,
2026-06-19T08:00:00+09:00,2026-06-19T13:58:50Z,alpha_vantage,2026-06-19T08:00:00+09:00,0,False,idempotent_skip,
2026-06-22T08:00:00+09:00,2026-06-22T10:45:02Z,alpha_vantage,2026-06-22T08:00:00+09:00,0,False,ok,
2026-06-22T08:00:00+09:00,2026-06-22T12:49:10Z,alpha_vantage,2026-06-22T08:00:00+09:00,0,False,idempotent_skip,
2026-06-22T08:00:00+09:00,2026-06-22T15:48:17Z,alpha_vantage,2026-06-22T08:00:00+09:00,1,True,idempotent_skip,
2026-06-23T08:00:00+09:00,2026-06-23T08:32:52Z,alpha_vantage,2026-06-23T08:00:00+09:00,0,False,ok,
2026-06-23T08:00:00+09:00,2026-06-23T10:35:48Z,alpha_vantage,2026-06-23T08:00:00+09:00,0,False,idempotent_skip,
2026-06-23T08:00:00+09:00,2026-06-23T13:39:20Z,alpha_vantage,2026-06-23T08:00:00+09:00,0,False,idempotent_skip,
2026-06-24T08:00:00+09:00,2026-06-24T08:27:46Z,alpha_vantage,2026-06-24T08:00:00+09:00,0,False,ok,
2026-06-24T08:00:00+09:00,2026-06-24T10:21:43Z,alpha_vantage,2026-06-24T08:00:00+09:00,0,False,idempotent_skip,
2026-06-24T08:00:00+09:00,2026-06-24T13:14:08Z,alpha_vantage,2026-06-24T08:00:00+09:00,0,False,idempotent_skip,
2026-06-25T08:00:00+09:00,2026-06-25T08:27:41Z,alpha_vantage,2026-06-25T08:00:00+09:00,0,False,ok,
2026-06-25T08:00:00+09:00,2026-06-25T10:14:47Z,alpha_vantage,2026-06-25T08:00:00+09:00,0,False,idempotent_skip,
2026-06-25T08:00:00+09:00,2026-06-25T13:12:50Z,alpha_vantage,2026-06-25T08:00:00+09:00,0,False,idempotent_skip,
2026-06-26T08:00:00+09:00,2026-06-26T08:33:49Z,alpha_vantage,2026-06-26T08:00:00+09:00,0,False,ok,
2026-06-26T08:00:00+09:00,2026-06-26T10:22:19Z,alpha_vantage,2026-06-26T08:00:00+09:00,0,False,idempotent_skip,
2026-06-26T08:00:00+09:00,2026-06-26T13:06:00Z,alpha_vantage,2026-06-26T08:00:00+09:00,0,False,idempotent_skip,
2026-06-29T08:00:00+09:00,2026-06-29T09:53:40Z,alpha_vantage,2026-06-29T08:00:00+09:00,0,False,ok,
2026-06-29T08:00:00+09:00,2026-06-29T11:57:42Z,alpha_vantage,2026-06-29T08:00:00+09:00,0,False,idempotent_skip,
2026-06-29T08:00:00+09:00,2026-06-29T14:44:01Z,alpha_vantage,2026-06-29T08:00:00+09:00,0,False,idempotent_skip,
2026-06-30T08:00:00+09:00,2026-06-30T08:33:20Z,alpha_vantage,2026-06-30T08:00:00+09:00,0,False,ok,
2026-06-30T08:00:00+09:00,2026-06-30T10:30:45Z,alpha_vantage,2026-06-30T08:00:00+09:00,0,False,idempotent_skip,
2026-06-30T08:00:00+09:00,2026-06-30T13:06:33Z,alpha_vantage,2026-06-30T08:00:00+09:00,0,False,idempotent_skip,
2026-07-01T08:00:00+09:00,2026-07-01T08:55:04Z,alpha_vantage,2026-07-01T08:00:00+09:00,0,False,ok,
2026-07-01T08:00:00+09:00,2026-07-01T10:40:45Z,alpha_vantage,2026-07-01T08:00:00+09:00,0,False,idempotent_skip,
2026-07-01T08:00:00+09:00,2026-07-01T13:31:51Z,alpha_vantage,2026-07-01T08:00:00+09:00,0,False,idempotent_skip,
2026-07-02T08:00:00+09:00,2026-07-02T08:15:49Z,alpha_vantage,2026-07-02T08:00:00+09:00,0,False,ok,
2026-07-02T08:00:00+09:00,2026-07-02T10:09:31Z,alpha_vantage,2026-07-02T08:00:00+09:00,0,False,idempotent_skip,
2026-07-02T08:00:00+09:00,2026-07-02T12:53:59Z,alpha_vantage,2026-07-02T08:00:00+09:00,0,False,idempotent_skip,
2026-07-03T08:00:00+09:00,2026-07-03T08:15:06Z,alpha_vantage,2026-07-03T08:00:00+09:00,0,False,ok,
2026-07-03T08:00:00+09:00,2026-07-03T09:56:47Z,alpha_vantage,2026-07-03T08:00:00+09:00,0,False,idempotent_skip,
2026-07-03T08:00:00+09:00,2026-07-03T12:52:39Z,alpha_vantage,2026-07-03T08:00:00+09:00,0,False,idempotent_skip,
2026-07-06T08:00:00+09:00,2026-07-06T09:05:12Z,alpha_vantage,2026-07-06T08:00:00+09:00,0,False,ok,
2026-07-06T08:00:00+09:00,2026-07-06T11:26:08Z,alpha_vantage,2026-07-06T08:00:00+09:00,0,False,idempotent_skip,
2026-07-06T08:00:00+09:00,2026-07-06T14:21:52Z,alpha_vantage,2026-07-06T08:00:00+09:00,0,False,idempotent_skip,
2026-07-07T08:00:00+09:00,2026-07-07T08:28:33Z,alpha_vantage,2026-07-07T08:00:00+09:00,0,False,ok,
2026-07-07T08:00:00+09:00,2026-07-07T10:24:33Z,alpha_vantage,2026-07-07T08:00:00+09:00,0,False,idempotent_skip,
2026-07-07T08:00:00+09:00,2026-07-07T13:13:34Z,alpha_vantage,2026-07-07T08:00:00+09:00,0,False,idempotent_skip,
2026-07-08T08:00:00+09:00,2026-07-08T07:34:35Z,alpha_vantage,2026-07-08T08:00:00+09:00,0,False,ok,
2026-07-08T08:00:00+09:00,2026-07-08T09:24:31Z,alpha_vantage,2026-07-08T08:00:00+09:00,0,False,idempotent_skip,
2026-07-08T08:00:00+09:00,2026-07-08T12:16:04Z,alpha_vantage,2026-07-08T08:00:00+09:00,0,False,idempotent_skip,
2026-07-09T08:00:00+09:00,2026-07-09T08:38:33Z,alpha_vantage,2026-07-09T08:00:00+09:00,0,False,ok,
2026-07-09T08:00:00+09:00,2026-07-09T10:23:40Z,alpha_vantage,2026-07-09T08:00:00+09:00,0,False,idempotent_skip,
2026-07-09T08:00:00+09:00,2026-07-09T13:44:08Z,alpha_vantage,2026-07-09T08:00:00+09:00,0,False,idempotent_skip,
2026-07-10T08:00:00+09:00,2026-07-10T08:28:04Z,alpha_vantage,2026-07-10T08:00:00+09:00,0,False,ok,
2026-07-10T08:00:00+09:00,2026-07-10T10:22:35Z,alpha_vantage,2026-07-10T08:00:00+09:00,0,False,idempotent_skip,
2026-07-10T08:00:00+09:00,2026-07-10T13:08:58Z,yahoo_finance,2026-07-10T08:00:00+09:00,0,False,idempotent_skip,
2026-07-13T08:00:00+09:00,2026-07-13T08:21:37Z,alpha_vantage,2026-07-13T08:00:00+09:00,0,False,ok,
2026-07-13T08:00:00+09:00,2026-07-13T10:24:02Z,alpha_vantage,2026-07-13T08:00:00+09:00,0,False,idempotent_skip,
2026-07-13T08:00:00+09:00,2026-07-13T13:14:31Z,alpha_vantage,2026-07-13T08:00:00+09:00,0,False,idempotent_skip,
2026-07-14T08:00:00+09:00,2026-07-14T07:14:38Z,alpha_vantage,2026-07-14T08:00:00+09:00,0,False,ok,
2026-07-14T08:00:00+09:00,2026-07-14T09:03:13Z,alpha_vantage,2026-07-14T08:00:00+09:00,0,False,idempotent_skip,
2026-07-14T08:00:00+09:00,2026-07-14T12:06:24Z,alpha_vantage,2026-07-14T08:00:00+09:00,0,False,idempotent_skip,
2026-07-15T08:00:00+09:00,2026-07-15T07:19:14Z,alpha_vantage,2026-07-15T08:00:00+09:00,0,False,ok,
2026-07-15T08:00:00+09:00,2026-07-15T09:07:41Z,alpha_vantage,2026-07-15T08:00:00+09:00,0,False,idempotent_skip,
2026-07-15T08:00:00+09:00,2026-07-15T12:10:42Z,alpha_vantage,2026-07-15T08:00:00+09:00,0,False,idempotent_skip,
2026-07-16T08:00:00+09:00,2026-07-16T07:26:44Z,alpha_vantage,2026-07-16T08:00:00+09:00,0,False,ok,
2026-07-16T08:00:00+09:00,2026-07-16T09:11:54Z,alpha_vantage,2026-07-16T08:00:00+09:00,0,False,idempotent_skip,
2026-07-16T08:00:00+09:00,2026-07-16T12:16:01Z,alpha_vantage,2026-07-16T08:00:00+09:00,0,False,idempotent_skip,
2026-07-17T08:00:00+09:00,2026-07-17T07:22:44Z,alpha_vantage,2026-07-17T08:00:00+09:00,0,False,ok,
2026-07-17T08:00:00+09:00,2026-07-17T09:07:27Z,alpha_vantage,2026-07-17T08:00:00+09:00,0,False,idempotent_skip,
2026-07-17T08:00:00+09:00,2026-07-17T12:03:13Z,alpha_vantage,2026-07-17T08:00:00+09:00,0,False,idempotent_skip,
2026-07-20T08:00:00+09:00,2026-07-20T08:11:38Z,alpha_vantage,2026-07-20T08:00:00+09:00,0,False,ok,
2026-07-20T08:00:00+09:00,2026-07-20T09:58:51Z,alpha_vantage,2026-07-20T08:00:00+09:00,0,False,idempotent_skip,
2026-07-20T08:00:00+09:00,2026-07-20T13:01:29Z,alpha_vantage,2026-07-20T08:00:00+09:00,0,False,idempotent_skip,
2026-07-21T08:00:00+09:00,2026-07-21T07:36:36Z,alpha_vantage,2026-07-21T08:00:00+09:00,0,False,ok,
2026-07-21T08:00:00+09:00,2026-07-21T09:25:53Z,alpha_vantage,2026-07-21T08:00:00+09:00,0,False,idempotent_skip,
2026-07-21T08:00:00+09:00,2026-07-21T12:20:38Z,alpha_vantage,2026-07-21T08:00:00+09:00,0,False,idempotent_skip,
2026-07-22T08:00:00+09:00,2026-07-22T07:37:43Z,alpha_vantage,2026-07-22T08:00:00+09:00,0,False,ok,
2026-07-22T08:00:00+09:00,2026-07-22T09:25:00Z,alpha_vantage,2026-07-22T08:00:00+09:00,0,False,idempotent_skip,
2026-07-22T08:00:00+09:00,2026-07-22T12:22:58Z,alpha_vantage,2026-07-22T08:00:00+09:00,0,False,idempotent_skip,
2026-07-23T08:00:00+09:00,2026-07-23T07:38:03Z,alpha_vantage,2026-07-23T08:00:00+09:00,0,False,ok,
2026-07-23T08:00:00+09:00,2026-07-23T09:24:56Z,yahoo_finance,2026-07-23T08:00:00+09:00,0,False,idempotent_skip,
2026-07-23T08:00:00+09:00,2026-07-23T12:20:04Z,alpha_vantage,2026-07-23T08:00:00+09:00,0,False,idempotent_skip,
2026-07-24T08:00:00+09:00,2026-07-24T07:36:24Z,alpha_vantage,2026-07-24T08:00:00+09:00,0,False,ok,
2026-07-24T08:00:00+09:00,2026-07-24T09:20:22Z,alpha_vantage,2026-07-24T08:00:00+09:00,0,False,idempotent_skip,
2026-07-24T08:00:00+09:00,2026-07-24T12:15:13Z,alpha_vantage,2026-07-24T08:00:00+09:00,0,False,idempotent_skip,
2026-07-27T08:00:00+09:00,2026-07-27T08:38:03Z,alpha_vantage,2026-07-27T08:00:00+09:00,0,False,ok,
2026-07-27T08:00:00+09:00,2026-07-27T10:40:33Z,alpha_vantage,2026-07-27T08:00:00+09:00,0,False,idempotent_skip,
2026-07-27T08:00:00+09:00,2026-07-27T13:34:19Z,alpha_vantage,2026-07-27T08:00:00+09:00,0,False,idempotent_skip,
2026-07-28T08:00:00+09:00,2026-07-28T07:42:37Z,alpha_vantage,2026-07-28T08:00:00+09:00,0,False,ok,
2026-07-28T08:00:00+09:00,2026-07-28T09:35:24Z,alpha_vantage,2026-07-28T08:00:00+09:00,0,False,idempotent_skip,
2026-07-28T08:00:00+09:00,2026-07-28T12:50:19Z,alpha_vantage,2026-07-28T08:00:00+09:00,0,False,idempotent_skip,
2026-07-29T08:00:00+09:00,2026-07-29T07:47:53Z,alpha_vantage,2026-07-29T08:00:00+09:00,0,False,ok,
2026-07-29T08:00:00+09:00,2026-07-29T09:35:44Z,alpha_vantage,2026-07-29T08:00:00+09:00,0,False,idempotent_skip,
2026-07-29T08:00:00+09:00,2026-07-29T12:56:34Z,alpha_vantage,2026-07-29T08:00:00+09:00,0,False,idempotent_skip,
2026-07-30T08:00:00+09:00,2026-07-30T07:38:10Z,alpha_vantage,2026-07-30T08:00:00+09:00,0,False,ok,
2026-07-30T08:00:00+09:00,2026-07-30T09:28:40Z,alpha_vantage,2026-07-30T08:00:00+09:00,0,False,idempotent_skip,
2026-07-30T08:00:00+09:00,2026-07-30T12:25:42Z,alpha_vantage,2026-07-30T08:00:00+09:00,0,False,idempotent_skip,
2026-07-31T08:00:00+09:00,2026-07-31T07:55:37Z,alpha_vantage,2026-07-31T08:00:00+09:00,0,False,ok,
2026-07-31T08:00:00+09:00,2026-07-31T09:42:57Z,alpha_vantage,2026-07-31T08:00:00+09:00,0,False,idempotent_skip,
2026-07-31T08:00:00+09:00,2026-07-31T12:51:16Z,alpha_vantage,2026-07-31T08:00:00+09:00,0,False,idempotent_skip,
2026-08-03T08:00:00+09:00,2026-08-03T08:34:36Z,alpha_vantage,2026-08-03T08:00:00+09:00,0,False,ok,
2026-08-03T08:00:00+09:00,2026-08-03T10:41:00Z,alpha_vantage,2026-08-03T08:00:00+09:00,0,False,idempotent_skip,
2026-08-03T08:00:00+09:00,2026-08-03T13:34:57Z,alpha_vantage,2026-08-03T08:00:00+09:00,0,False,idempotent_skip,
2026-08-04T08:00:00+09:00,2026-08-04T07:43:48Z,alpha_vantage,2026-08-04T08:00:00+09:00,0,False,ok,
2026-08-04T08:00:00+09:00,2026-08-04T09:37:39Z,alpha_vantage,2026-08-04T08:00:00+09:00,0,False,idempotent_skip,
2026-08-04T08:00:00+09:00,2026-08-04T12:54:27Z,alpha_vantage,2026-08-04T08:00:00+09:00,0,False,idempotent_skip,
2026-08-05T08:00:00+09:00,2026-08-05T07:44:40Z,alpha_vantage,2026-08-05T08:00:00+09:00,0,False,ok,
2026-08-05T08:00:00+09:00,2026-08-05T09:35:18Z,alpha_vantage,2026-08-05T08:00:00+09:00,0,False,idempotent_skip,
2026-08-05T08:00:00+09:00,2026-08-05T12:48:45Z,alpha_vantage,2026-08-05T08:00:00+09:00,0,False,idempotent_skip,
2026-08-06T08:00:00+09:00,2026-08-06T07:44:22Z,alpha_vantage,2026-08-06T08:00:00+09:00,0,False,ok,
2026-08-06T08:00:00+09:00,2026-08-06T09:39:51Z,yahoo_finance,2026-08-06T08:00:00+09:00,0,False,idempotent_skip,
2026-08-06T08:00:00+09:00,2026-08-06T12:52:48Z,alpha_vantage,2026-08-06T08:00:00+09:00,0,False,idempotent_skip,
2026-08-07T08:00:00+09:00,2026-08-07T06:11:56Z,alpha_vantage,2026-08-07T08:00:00+09:00,0,False,ok,
2026-08-07T08:00:00+09:00,2026-08-07T08:11:40Z,alpha_vantage,2026-08-07T08:00:00+09:00,0,False,idempotent_skip,
2026-08-07T08:00:00+09:00,2026-08-07T11:39:45Z,alpha_vantage,2026-08-07T08:00:00+09:00,0,False,idempotent_skip,
2026-08-10T08:00:00+09:00,2026-08-10T06:15:26Z,alpha_vantage,2026-08-10T08:00:00+09:00,0,False,ok,
2026-08-10T08:00:00+09:00,2026-08-10T08:24:58Z,alpha_vantage,2026-08-10T08:00:00+09:00,0,False,idempotent_skip,
2026-08-10T08:00:00+09:00,2026-08-10T11:42:29Z,alpha_vantage,2026-08-10T08:00:00+09:00,0,False,idempotent_skip,
2026-08-11T08:00:00+09:00,2026-08-11T05:57:11Z,alpha_vantage,2026-08-11T08:00:00+09:00,0,False,ok,
2026-08-11T08:00:00+09:00,2026-08-11T08:08:13Z,alpha_vantage,2026-08-11T08:00:00+09:00,0,False,idempotent_skip,
2026-08-11T08:00:00+09:00,2026-08-11T11:38:48Z,alpha_vantage,2026-08-11T08:00:00+09:00,0,False,idempotent_skip,
2026-08-12T08:00:00+09:00,2026-08-12T06:19:26Z,alpha_vantage,2026-08-12T08:00:00+09:00,0,False,ok,
2026-08-12T08:00:00+09:00,2026-08-12T08:15:32Z,alpha_vantage,2026-08-12T08:00:00+09:00,0,False,idempotent_skip,
2026-08-12T08:00:00+09:00,2026-08-12T11:41:08Z,alpha_vantage,2026-08-12T08:00:00+09:00,0,False,idempotent_skip,
2026-08-13T08:00:00+09:00,2026-08-13T06:21:20Z,alpha_vantage,2026-08-13T08:00:00+09:00,0,False,ok,
2026-08-13T08:00:00+09:00,2026-08-13T08:18:54Z,alpha_vantage,2026-08-13T08:00:00+09:00,0,False,idempotent_skip,
2026-08-13T08:00:00+09:00,2026-08-13T11:41:00Z,alpha_vantage,2026-08-13T08:00:00+09:00,0,False,idempotent_skip,
2026-08-14T08:00:00+09:00,2026-08-14T06:19:22Z,alpha_vantage,2026-08-14T08:00:00+09:00,0,False,ok,
2026-08-14T08:00:00+09:00,2026-08-14T08:13:41Z,alpha_vantage,2026-08-14T08:00:00+09:00,0,False,idempotent_skip,
2026-08-14T08:00:00+09:00,2026-08-14T11:39:23Z,alpha_vantage,2026-08-14T08:00:00+09:00,0,False,idempotent_skip,
2026-08-17T08:00:00+09:00,2026-08-17T05:40:08Z,alpha_vantage,2026-08-17T08:00:00+09:00,0,False,ok,
2026-08-17T08:00:00+09:00,2026-08-17T07:51:07Z,alpha_vantage,2026-08-17T08:00:00+09:00,0,False,idempotent_skip,
2026-08-17T08:00:00+09:00,2026-08-17T11:19:02Z,alpha_vantage,2026-08-17T08:00:00+09:00,0,False,idempotent_skip,
2026-08-18T08:00:00+09:00,2026-08-18T05:35:28Z,alpha_vantage,2026-08-18T08:00:00+09:00,0,False,ok,
2026-08-18T08:00:00+09:00,2026-08-18T07:35:44Z,alpha_vantage,2026-08-18T08:00:00+09:00,0,False,idempotent_skip,
2026-08-18T08:00:00+09:00,2026-08-18T11:18:56Z,alpha_vantage,2026-08-18T08:00:00+09:00,0,False,idempotent_skip,
2026-08-19T08:00:00+09:00,2026-08-19T05:36:20Z,alpha_vantage,2026-08-19T08:00:00+09:00,0,False,ok,
2026-08-19T08:00:00+09:00,2026-08-19T07:35:51Z,alpha_vantage,2026-08-19T08:00:00+09:00,0,False,idempotent_skip,
2026-08-19T08:00:00+09:00,2026-08-19T11:18:36Z,alpha_vantage,2026-08-19T08:00:00+09:00,0,False,idempotent_skip,
2026-08-20T08:00:00+09:00,2026-08-20T05:36:27Z,alpha_vantage,2026-08-20T08:00:00+09:00,0,False,ok,
2026-08-20T08:00:00+09:00,2026-08-20T07:39:19Z,alpha_vantage,2026-08-20T08:00:00+09:00,0,False,idempotent_skip,
2026-08-20T08:00:00+09:00,2026-08-20T11:20:00Z,alpha_vantage,2026-08-20T08:00:00+09:00,0,False,idempotent_skip,
2026-08-21T08:00:00+09:00,2026-08-21T05:37:51Z,alpha_vantage,2026-08-21T08:00:00+09:00,0,False,ok,
2026-08-21T08:00:00+09:00,2026-08-21T07:40:29Z,alpha_vantage,2026-08-21T08:00:00+09:00,0,False,idempotent_skip,
2026-08-21T08:00:00+09:00,2026-08-21T11:18:49Z,alpha_vantage,2026-08-21T08:00:00+09:00,0,False,idempotent_skip,
2026-08-24T08:00:00+09:00,2026-08-24T05:43:18Z,alpha_vantage,2026-08-24T08:00:00+09:00,0,False,ok,
2026-08-24T08:00:00+09:00,2026-08-24T07:56:09Z,alpha_vantage,2026-08-24T08:00:00+09:00,0,False,idempotent_skip,
2026-08-24T08:00:00+09:00,2026-08-24T11:19:56Z,alpha_vantage,2026-08-24T08:00:00+09:00,0,False,idempotent_skip,
2026-08-25T08:00:00+09:00,2026-08-25T05:37:09Z,alpha_vantage,2026-08-25T08:00:00+09:00,0,False,ok,
2026-08-25T08:00:00+09:00,2026-08-25T07:41:27Z,alpha_vantage,2026-08-25T08:00:00+09:00,0,False,idempotent_skip,
2026-08-25T08:00:00+09:00,2026-08-25T11:20:39Z,alpha_vantage,2026-08-25T08:00:00+09:00,0,False,idempotent_skip,
2026-08-26T08:00:00+09:00,2026-08-26T05:39:53Z,alpha_vantage,2026-08-26T08:00:00+09:00,0,False,ok,
2026-08-26T08:00:00+09:00,2026-08-26T07:43:28Z,alpha_vantage,2026-08-26T08:00:00+09:00,0,False,idempotent_skip,
2026-08-26T08:00:00+09:00,2026-08-26T11:21:58Z,alpha_vantage,2026-08-26T08:00:00+09:00,0,False,idempotent_skip,
2026-08-27T08:00:00+09:00,2026-08-27T16:19:58Z,alpha_vantage,2026-08-27T08:00:00+09:00,1,True,ok,
2026-08-27T08:00:00+09:00,2026-08-27T18:05:40Z,alpha_vantage,2026-08-27T08:00:00+09:00,1,True,idempotent_skip,
2026-08-27T08:00:00+09:00,2026-08-27T20:52:40Z,alpha_vantage,2026-08-27T08:00:00+09:00,1,True,idempotent_skip,
2026-08-31T08:00:00+09:00,2026-08-31T07:47:29Z,alpha_vantage,2026-08-31T08:00:00+09:00,0,False,ok,
2026-08-31T08:00:00+09:00,2026-08-31T11:30:35Z,alpha_vantage,2026-08-31T08:00:00+09:00,0,False,idempotent_skip,
2026-08-31T08:00:00+09:00,2026-08-31T14:50:25Z,alpha_vantage,2026-08-31T08:00:00+09:00,0,False,idempotent_skip,
2026-08-31T08:00:00+09:00,2026-08-31T17:47:18Z,alpha_vantage,2026-08-31T08:00:00+09:00,1,True,idempotent_skip,
2026-09-01T08:00:00+09:00,2026-09-01T07:31:57Z,alpha_vantage,2026-09-01T08:00:00+09:00,0,False,ok,
2026-09-01T08:00:00+09:00,2026-09-01T09:53:14Z,alpha_vantage,2026-09-01T08:00:00+09:00,0,False,idempotent_skip,
