ts_utc,open,high,low,close
1777590000,156.6620,157.0210,156.6320,156.9890
1777593600,156.9820,157.3060,156.9550,157.0760
1777597200,157.0790,157.2550,157.0390,157.1940
1777600800,157.1910,157.3260,157.1200,157.2340
1777604400,157.2280,157.2910,156.9820,157.1770
1777608000,157.1770,157.2800,157.1000,157.2340
1777611600,157.2340,157.2980,157.1920,157.2710
1777615200,157.2740,157.2950,155.4530,155.9640
1777618800,155.9510,156.7240,155.8480,156.6240
1777622400,156.6140,156.6560,156.2520,156.4620
1777626000,156.4620,156.7610,156.4150,156.5650
1777629600,156.5740,156.6270,156.4810,156.5890
1777633200,156.5970,156.6250,156.4290,156.5810
1777636800,156.5720,156.6430,156.3790,156.5870
1777640400,156.5930,156.7540,156.3240,156.4960
1777644000,156.4950,156.7250,156.3580,156.6390
1777647600,156.6290,156.8960,156.6140,156.7580
1777651200,156.7540,156.9440,156.6600,156.9420
1777654800,156.9410,157.0280,156.8480,156.9300
1777658400,156.9230,157.1180,156.9080,157.0080
1777662000,157.0080,157.0910,156.9910,157.0610
1777665600,157.0570,157.0910,156.9480,157.0400
1777867200,156.6640,156.7900,156.6220,156.7270
1777870800,156.7220,156.8620,156.5170,156.7810
1777874400,156.7690,156.9400,156.7180,156.9250
1777878000,156.9140,156.9800,156.8110,156.8940
1777881600,156.8810,156.9790,156.8760,156.9390
1777885200,156.9520,157.0130,156.8880,156.9590
1777888800,156.9590,157.2040,156.9500,157.1080
1777892400,157.1090,157.1830,157.0570,157.1690
1777896000,157.1670,157.1820,157.0120,157.1390
1777899600,157.1390,157.1840,156.9610,157.0080
1777903200,157.0110,157.1520,156.9190,157.0910
1777906800,157.0960,157.3000,156.9380,157.1920
1777910400,157.1950,157.3030,157.1300,157.2670
1777914000,157.2660,157.2840,157.1580,157.2180
1777917600,157.2200,157.2790,156.5180,156.7090
1777921200,156.7160,157.1310,156.7160,157.0840
1777924800,157.0980,157.2870,157.0840,157.2160
1777928400,157.2000,157.2320,157.0990,157.1260
1777932000,157.1130,157.2690,157.1110,157.2270
1777935600,157.2170,157.2380,157.1660,157.2080
1777939200,157.2060,157.2550,157.1570,157.2010
1777942800,157.2030,157.2710,157.1740,157.2110
1777946400,157.2070,157.2320,157.1740,157.2170
1777950000,157.2130,157.2680,157.1990,157.2660
1777953600,157.2670,157.2980,157.2240,157.2760
1777957200,157.2800,157.3000,157.2070,157.2710
1777960800,157.2750,157.2990,157.1850,157.2260
1777964400,157.2160,157.2390,157.0770,157.2260
1777968000,157.2260,157.2850,157.1950,157.2790
1777971600,157.2740,157.8920,157.0980,157.5120
1777975200,157.5000,157.6690,157.4780,157.6120
1777978800,157.6030,157.7920,157.5970,157.7460
1777982400,157.7330,157.8380,157.6280,157.7630
1777986000,157.7660,157.7980,157.6630,157.7740
1777989600,157.7640,157.8280,157.6670,157.6720
1777993200,157.6730,157.7290,157.5990,157.6750
1777996800,157.6750,157.8020,157.6450,157.7830
1778000400,157.7830,157.8860,157.7620,157.8450
1778004000,157.8440,157.9180,157.8290,157.8700
1778007600,157.8730,157.9160,157.8530,157.8730
1778011200,157.8770,157.8990,157.8300,157.8620
1778014800,157.8630,157.8950,157.7860,157.8490
1778018400,157.8840,157.9300,157.5760,157.7550
1778022000,157.7220,157.7330,157.5250,157.6730
1778025600,157.6650,157.7090,157.5420,157.5910
1778029200,157.5860,157.6970,157.5670,157.6900
1778032800,157.6950,157.8330,157.6450,157.8040
1778036400,157.8120,157.8930,157.7160,157.7760
1778040000,157.7700,157.8240,154.9920,155.9320
1778043600,155.9080,156.3900,155.7340,156.3180
1778047200,156.3310,156.4550,156.2920,156.3760
1778050800,156.3800,156.5650,155.7030,155.8110
1778054400,155.8050,156.2910,155.7390,155.9760
1778058000,155.9720,156.1090,155.9080,155.9180
1778061600,155.9260,156.1230,155.6060,155.7500
1778065200,155.7500,156.1070,155.6950,156.0790
1778068800,156.0790,156.3060,156.0790,156.2750
1778072400,156.2830,156.3170,156.0490,156.1100
1778076000,156.1170,156.2970,156.0380,156.2770
1778079600,156.2800,156.4570,156.2630,156.4380
1778083200,156.4310,156.4880,156.3570,156.4240
1778086800,156.4200,156.5150,156.3430,156.4890
1778090400,156.4800,156.4880,156.3490,156.3990
1778094000,156.3990,156.4400,156.3440,156.4100
1778097600,156.4150,156.4550,156.2890,156.3780
1778101200,156.3450,156.3700,156.2020,156.2290
1778104800,156.2160,156.3790,156.2100,156.3430
1778108400,156.3260,156.5250,156.2650,156.5110
1778112000,156.5120,156.5270,156.2100,156.3210
1778115600,156.3170,156.3530,156.0110,156.2090
1778119200,156.2180,156.3510,156.1430,156.3310
1778122800,156.3250,156.4380,156.3000,156.4100
1778126400,156.4090,156.4220,156.3000,156.3580
1778130000,156.3520,156.3980,156.2980,156.3740
1778133600,156.3690,156.4110,156.0980,156.2890
1778137200,156.2780,156.2940,156.0140,156.2610
1778140800,156.2620,156.3400,156.1750,156.3200
1778144400,156.3170,156.4170,156.2950,156.3710
1778148000,156.3740,156.4020,156.2840,156.3970
1778151600,156.3970,156.4730,156.3410,156.3960
1778155200,156.4050,156.4210,156.2340,156.2850
1778158800,156.2760,156.4080,156.2470,156.3390
1778162400,156.3390,156.4040,156.1630,156.2530
1778166000,156.2530,156.5130,156.2400,156.4840
1778169600,156.4780,156.6460,156.4630,156.6240
1778173200,156.6240,156.8630,156.6130,156.6610
1778176800,156.6610,156.8650,156.6010,156.7410
1778180400,156.7350,156.8770,156.6770,156.8700
1778184000,156.8620,156.9560,156.7360,156.8700
1778187600,156.8830,156.9070,156.7080,156.8210
1778191200,156.8080,156.9530,156.8080,156.8720
1778194800,156.8710,156.9160,156.8150,156.8380
1778198400,156.8460,156.9920,156.8040,156.9640
1778202000,156.9640,156.9740,156.8440,156.8980
1778205600,156.8950,156.9570,156.8660,156.8910
1778209200,156.8820,156.8980,156.7620,156.8310
1778212800,156.8320,156.9000,156.8190,156.8470
1778216400,156.8420,156.8840,156.8050,156.8260
1778220000,156.8300,156.8470,156.7070,156.8240
1778223600,156.8240,156.8520,156.7290,156.8330
1778227200,156.8270,156.8580,156.6280,156.6990
1778230800,156.7040,156.7100,156.6220,156.6740
1778234400,156.6730,156.7870,156.6460,156.7750
1778238000,156.7750,156.7860,156.7190,156.7500
1778241600,156.7470,156.8270,156.5140,156.6420
1778245200,156.6330,156.7020,156.4250,156.4970
1778248800,156.4960,156.6650,156.4780,156.6230
1778252400,156.6240,156.6730,156.5460,156.6390
1778256000,156.6380,156.7050,156.5900,156.6980
1778259600,156.6930,156.7160,156.6050,156.6830
1778263200,156.6830,156.7470,156.5840,156.6940
1778266800,156.6880,156.7730,156.6630,156.7220
1778270400,156.7240,156.7580,156.6210,156.6210
1778454000,156.8900,156.8970,156.8240,156.8580
1778457600,156.8630,157.0630,156.8250,156.9360
1778461200,156.9300,157.0970,156.9160,157.0950
1778464800,157.0890,157.1510,157.0450,157.1360
1778468400,157.1370,157.1750,157.0860,157.1570
1778472000,157.1570,157.1610,157.0820,157.1250
1778475600,157.1240,157.1480,157.0620,157.1360
1778479200,157.1270,157.1480,156.9830,156.9970
1778482800,156.9910,157.1360,156.9830,157.1210
1778486400,157.1160,157.1460,156.9400,157.0790
1778490000,157.0840,157.1470,157.0620,157.1400
1778493600,157.1360,157.1610,157.0760,157.1370
1778497200,157.1340,157.1480,157.0620,157.1200
1778500800,157.1140,157.1390,157.0510,157.1140
1778504400,157.1090,157.1260,156.9850,157.0350
1778508000,157.0220,157.0950,156.9720,156.9880
1778511600,156.9920,157.0720,156.9760,157.0470
1778515200,157.0430,157.1650,157.0260,157.1520
1778518800,157.1520,157.2120,157.0980,157.1130
1778522400,157.1040,157.2090,157.0880,157.2050
1778526000,157.2000,157.2660,157.1940,157.2370
1778529600,157.2420,157.2740,157.1340,157.1830
1778533200,157.1770,157.1770,157.0700,157.0910
1778536800,157.1240,157.2010,157.0910,157.1780
1778540400,157.1780,157.2470,157.1700,157.2400
1778544000,157.2310,157.4330,157.2290,157.4200
1778547600,157.4150,157.5860,157.3650,157.5340
1778551200,157.5280,157.6520,157.5210,157.5830
1778554800,157.5820,157.6400,157.5400,157.6120
1778558400,157.6050,157.6400,157.5420,157.5800
1778562000,157.5850,157.7490,156.7070,157.3050
1778565600,157.3060,157.5260,157.0380,157.5060
1778569200,157.5080,157.5680,157.3850,157.5000
1778572800,157.5060,157.6570,157.4820,157.6170
1778576400,157.6120,157.6650,157.5330,157.5580
1778580000,157.5530,157.6150,157.4850,157.5490
1778583600,157.5490,157.6060,157.4930,157.5670
1778587200,157.5720,157.6440,157.5100,157.5480
1778590800,157.5510,157.6690,157.4760,157.6480
1778594400,157.6430,157.7010,157.5680,157.6170
1778598000,157.6240,157.7520,157.6050,157.7060
1778601600,157.7050,157.7640,157.6680,157.7490
1778605200,157.7450,157.7550,157.6680,157.6870
1778608800,157.6870,157.7230,157.5760,157.5880
1778612400,157.5850,157.6380,157.5130,157.6280
1778616000,157.6370,157.6600,157.5570,157.5980
1778619600,157.5990,157.6270,157.5220,157.5440
1778623200,157.5450,157.6200,157.5420,157.6020
1778626800,157.5870,157.6790,157.5540,157.6620
1778630400,157.6640,157.7700,157.6250,157.7060
1778634000,157.7070,157.7820,157.5560,157.6460
1778637600,157.6460,157.7290,157.5920,157.6530
1778641200,157.6500,157.6850,157.6180,157.6810
1778644800,157.6750,157.7520,157.6620,157.7140
1778648400,157.7120,157.7360,157.6780,157.6800
1778652000,157.6880,157.7880,157.6790,157.7670
1778655600,157.7630,157.8440,157.6690,157.8260
1778659200,157.8260,157.8430,157.7400,157.8050
1778662800,157.8010,157.8960,157.7780,157.8270
1778666400,157.8270,157.8550,157.7760,157.8140
1778670000,157.8060,157.8370,157.7370,157.7600
1778673600,157.7670,157.8980,157.7450,157.8400
1778677200,157.8470,157.8650,157.7510,157.7720
1778680800,157.7680,157.8960,157.7510,157.8620
1778684400,157.8630,157.8760,157.7680,157.8320
1778688000,157.8330,157.8620,157.7360,157.8490
1778691600,157.8490,157.9250,157.8250,157.9160
1778695200,157.9160,157.9240,157.8460,157.8920
1778698800,157.8880,157.9010,157.8270,157.8650
1778702400,157.8650,157.9040,157.8410,157.8440
1778706000,157.8460,157.8680,157.6540,157.8220
1778709600,157.8020,157.8420,157.7440,157.7760
1778713200,157.7970,157.8610,157.7470,157.8260
1778716800,157.8460,157.8730,157.7750,157.8480
1778720400,157.8480,157.9200,157.8160,157.9050
1778724000,157.9080,157.9500,157.8540,157.9200
1778727600,157.9160,157.9920,157.8880,157.9630
1778731200,157.9390,157.9740,157.4740,157.8350
1778734800,157.8610,157.9470,157.8320,157.8780
1778738400,157.9020,157.9170,157.7760,157.8390
1778742000,157.8410,157.9340,157.7870,157.9070
1778745600,157.9070,157.9470,157.8210,157.8980
1778749200,157.8940,157.9310,157.8530,157.8810
1778752800,157.8800,157.9400,157.8430,157.9260
1778756400,157.9260,157.9750,157.8790,157.9670
1778760000,157.9410,157.9930,157.8720,157.9630
1778763600,157.9420,158.1670,157.2660,157.8730
1778767200,157.9080,158.1560,157.8120,158.1460
1778770800,158.1560,158.1920,158.0460,158.0870
1778774400,158.0800,158.2010,158.0490,158.1630
1778778000,158.1630,158.1990,158.1030,158.1880
1778781600,158.1880,158.2030,158.1370,158.1820
1778785200,158.1820,158.3820,158.1370,158.3450
1778788800,158.3530,158.4190,158.3130,158.3420
1778792400,158.3350,158.3640,158.2500,158.3330
1778796000,158.3160,158.3940,158.2950,158.3640
1778799600,158.3620,158.4400,158.3130,158.3790
1778803200,158.3720,158.5140,158.3150,158.4690
1778806800,158.4700,158.5630,158.4170,158.5280
1778810400,158.5220,158.5880,158.4330,158.5250
1778814000,158.5190,158.5330,158.4680,158.4790
1778817600,158.4830,158.5240,158.4690,158.5110
1778821200,158.5100,158.6460,158.5100,158.6080
1778824800,158.6060,158.6740,158.4210,158.4260
1778828400,158.4320,158.4830,158.3440,158.4400
1778832000,158.4450,158.5760,158.3940,158.5590
1778835600,158.5670,158.6030,158.4510,158.5090
1778839200,158.5070,158.5350,158.2840,158.3670
1778842800,158.3560,158.5860,158.3500,158.5610
1778846400,158.5620,158.5860,158.5040,158.5740
1778850000,158.5680,158.7410,158.5180,158.6860
1778853600,158.6820,158.7440,158.5830,158.5910
1778857200,158.5900,158.7450,158.5450,158.6910
1778860800,158.6980,158.7340,158.6600,158.6980
1778864400,158.6990,158.7280,158.6370,158.7250
1778868000,158.7280,158.7510,158.6940,158.7040
1778871600,158.6980,158.7860,158.6880,158.7670
1778875200,158.7660,158.8450,158.7050,158.7310
1779058800,158.7730,158.8820,158.7540,158.8470
1779062400,158.8440,158.9540,158.7960,158.9330
1779066000,158.9280,158.9540,158.8560,158.9330
1779069600,158.9250,158.9480,158.8820,158.9080
1779073200,158.9070,159.0580,158.8980,159.0310
1779076800,159.0300,159.0730,158.7970,158.9820
1779080400,158.9830,159.0000,158.8950,158.9430
1779084000,158.9390,158.9530,158.8260,158.8850
1779087600,158.8840,158.9840,158.7990,158.9200
1779091200,158.9120,158.9330,158.7840,158.8260
1779094800,158.8190,158.9340,158.8170,158.9320
1779098400,158.9280,158.9530,158.8900,158.9230
1779102000,158.9220,158.9580,158.6710,158.8300
1779105600,158.8270,158.8440,158.6040,158.6840
1779109200,158.6830,158.7820,158.6360,158.7400
1779112800,158.7380,158.9160,158.7250,158.8420
1779116400,158.8350,158.9390,158.7920,158.8320
1779120000,158.8310,158.9450,158.7650,158.9340
1779123600,158.9340,158.9510,158.8820,158.9110
1779127200,158.9120,159.0780,158.9080,159.0690
1779130800,159.0750,159.0830,158.7970,158.8880
1779134400,158.8810,158.8870,158.7300,158.7800
1779138000,158.7840,158.8200,158.7150,158.7510
1779141600,158.7310,158.8320,158.7070,158.8160
1779145200,158.8160,158.8730,158.7950,158.8610
1779148800,158.8610,159.0200,158.8520,159.0120
1779152400,159.0130,159.0280,158.8850,158.9750
1779156000,158.9750,159.0060,158.9440,158.9600
1779159600,158.9580,158.9910,158.9200,158.9580
1779163200,158.9520,159.0060,158.9130,158.9840
1779166800,158.9840,159.0330,158.9440,158.9970
1779170400,158.9970,159.1120,158.9970,159.0700
1779174000,159.0620,159.1430,158.9960,159.0440
1779177600,159.0390,159.1450,158.9950,159.1340
1779181200,159.1360,159.1720,159.0610,159.0970
1779184800,159.0940,159.1780,159.0480,159.0940
1779188400,159.0920,159.1430,159.0680,159.1330
1779192000,159.1260,159.1410,158.6400,159.0650
1779195600,159.0650,159.1940,158.9160,159.0450
1779199200,159.0480,159.2510,158.9790,159.0630
1779202800,159.0620,159.1740,158.9580,159.1190
1779206400,159.1180,159.1770,158.7710,158.8210
1779210000,158.8100,158.8890,158.7770,158.8560
1779213600,158.8560,159.0910,158.8510,159.0440
1779217200,159.0390,159.0780,158.9870,159.0500
1779220800,159.0500,159.1050,159.0370,159.0460
1779224400,159.0580,159.1080,158.9740,159.0330
1779228000,159.0330,159.1170,159.0230,159.0670
1779231600,159.0560,159.0720,158.9800,159.0430
1779235200,159.0350,159.1030,158.9480,158.9910
1779238800,158.9920,159.0920,158.9680,159.0320
1779242400,159.0300,159.0450,158.8310,158.9180
1779246000,158.9240,158.9530,158.8490,158.8650
1779249600,158.8640,159.0020,158.8100,158.9800
1779253200,158.9740,158.9930,158.9100,158.9730
1779256800,158.9670,159.0020,158.8660,158.9690
1779260400,158.9730,159.0620,158.9230,159.0610
1779264000,159.0550,159.1030,159.0100,159.0440
1779267600,159.0360,159.0800,158.9860,159.0680
1779271200,159.0580,159.0710,158.9500,158.9900
1779274800,158.9950,159.0530,158.9580,159.0280
1779278400,159.0290,159.0410,158.9760,159.0120
1779282000,159.0130,159.1130,159.0000,159.0990
1779285600,159.0990,159.1690,158.7860,158.8710
1779289200,158.8710,158.9230,158.5790,158.8430
1779292800,158.8410,158.9150,158.7470,158.8330
1779296400,158.8290,158.9350,158.8030,158.8830
1779300000,158.9180,158.9650,158.7890,158.8420
1779303600,158.8340,158.8970,158.7730,158.8580
1779307200,158.8530,158.9340,158.8380,158.9000
1779310800,158.8770,158.9000,158.7850,158.8900
1779314400,158.8360,158.9220,158.8000,158.8260
1779318000,158.8370,158.9240,158.8120,158.8890
1779321600,158.8800,158.9280,158.8370,158.8570
1779325200,158.8660,158.9000,158.8040,158.8860
1779328800,158.8860,158.9800,158.8430,158.9740
1779332400,158.9760,158.9860,158.9140,158.9610
1779336000,158.9620,159.0030,158.9410,158.9990
1779339600,158.9930,159.0500,158.9700,159.0090
1779343200,159.0100,159.0740,158.9840,159.0570
1779346800,159.0580,159.0850,158.9920,159.0270
1779350400,159.0260,159.0310,158.8950,158.9740
1779354000,158.9800,158.9910,158.9010,158.9740
1779357600,158.9690,159.1370,158.9530,159.1250
1779361200,159.1190,159.1670,159.0360,159.1600
1779364800,159.1590,159.1850,159.0820,159.1560
1779368400,159.1560,159.3500,159.1140,159.2000
1779372000,159.1990,159.2790,159.1150,159.1600
1779375600,159.1600,159.2560,159.1400,159.1690
1779379200,159.1610,159.1980,159.1110,159.1430
1779382800,159.1370,159.1740,158.8120,158.8760
1779386400,158.8760,159.1030,158.8280,159.0730
1779390000,159.0800,159.0950,158.8660,158.9100
1779393600,158.9100,159.0090,158.8780,158.9540
1779397200,158.9330,158.9840,158.8530,158.9280
1779400800,158.9300,159.0220,158.9300,158.9860
1779404400,158.9920,159.0440,158.9770,159.0220
1779408000,159.0180,159.1300,159.0160,159.0860
1779411600,159.0860,159.1270,159.0490,159.0920
1779415200,159.0920,159.1050,158.9960,159.0290
1779418800,159.0290,159.0550,159.0010,159.0330
1779422400,159.0330,159.0740,159.0040,159.0630
1779426000,159.0640,159.1410,159.0500,159.1240
1779429600,159.1260,159.1430,159.0570,159.0990
1779433200,159.0990,159.1460,159.0980,159.1290
1779436800,159.1260,159.1370,159.0480,159.0840
1779440400,159.0850,159.1460,159.0740,159.0980
1779444000,159.0980,159.1350,159.0690,159.1180
1779447600,159.1200,159.1450,159.1050,159.1340
1779451200,159.1320,159.1500,159.0530,159.0760
1779454800,159.0770,159.1400,158.9830,159.0870
1779458400,159.1010,159.1780,159.0170,159.1010
1779462000,159.0970,159.2350,159.0780,159.1930
1779465600,159.1930,159.2330,159.1480,159.1750
1779469200,159.1680,159.1820,159.0520,159.1250
1779472800,159.1230,159.1710,159.0920,159.1340
1779476400,159.1300,159.1720,159.0940,159.1580
1779480000,159.1590,159.2140,159.1310,159.1550
1779663600,158.8700,158.9650,158.8300,158.9540
1779667200,158.9460,158.9640,158.8200,158.9020
1779670800,158.8910,158.9020,158.7500,158.8770
1779674400,158.8690,158.8800,158.8270,158.8410
1779678000,158.8410,158.8920,158.8260,158.8780
1779681600,158.8780,158.9140,158.8380,158.8530
1779685200,158.8530,158.9390,158.8330,158.9260
1779688800,158.9240,158.9400,158.8790,158.8980
1779692400,158.9060,159.0420,158.8930,158.9690
1779696000,158.9670,158.9930,158.8940,158.9080
1779699600,158.9180,158.9430,158.8870,158.9190
1779703200,158.9190,158.9520,158.9090,158.9400
1779706800,158.9410,158.9620,158.8800,158.9310
1779710400,158.9290,158.9430,158.8710,158.8970
1779714000,158.8950,158.9260,158.8740,158.9130
1779717600,158.9110,158.9250,158.8770,158.9170
1779721200,158.9120,158.9510,158.8760,158.8980
1779724800,158.8940,158.9240,158.8840,158.8880
1779728400,158.8890,158.9070,158.8790,158.8940
1779732000,158.8890,158.9060,158.8780,158.8980
1779735600,158.8960,158.9200,158.8840,158.9060
1779739200,158.9070,158.9410,158.8700,158.8870
1779742800,158.8660,158.8960,158.8190,158.8740
1779746400,158.8630,158.9660,158.8480,158.9140
1779750000,158.9150,158.9680,158.9010,158.9490
1779753600,158.9490,158.9930,158.9260,158.9650
1779757200,158.9610,159.0040,158.9380,158.9670
1779760800,158.9610,158.9870,158.9260,158.9390
1779764400,158.9390,158.9460,158.9030,158.9330
1779768000,158.9330,159.0220,158.9250,158.9910
1779771600,158.9960,159.0350,158.9640,159.0190
1779775200,159.0280,159.1210,159.0130,159.0980
1779778800,159.0990,159.2030,159.0880,159.1960
1779782400,159.1920,159.2400,159.1880,159.2060
1779786000,159.2130,159.2250,159.1510,159.1560
1779789600,159.1530,159.1810,159.1020,159.1400
1779793200,159.1400,159.2150,159.1260,159.1860
1779796800,159.1860,159.2310,159.1800,159.2290
1779800400,159.2240,159.3030,159.2200,159.2740
1779804000,159.2760,159.3270,159.2190,159.3190
1779807600,159.3170,159.3820,159.2940,159.3570
1779811200,159.3580,159.3630,159.2760,159.3040
1779814800,159.2990,159.3800,159.2770,159.3580
1779818400,159.3590,159.3740,159.2960,159.3280
1779822000,159.3330,159.3470,159.2950,159.3160
1779825600,159.3130,159.3340,159.2710,159.2850
1779829200,159.2710,159.3100,159.2380,159.2430
1779832800,159.2430,159.3020,159.2070,159.2670
1779836400,159.2490,159.2760,159.1910,159.2520
1779840000,159.2430,159.3130,159.1670,159.2760
1779843600,159.2760,159.3050,159.2090,159.2920
1779847200,159.2920,159.3040,159.2170,159.2220
1779850800,159.2180,159.2330,159.1800,159.2000
1779854400,159.1980,159.2460,159.1920,159.2390
1779858000,159.2420,159.3500,159.2240,159.3490
1779861600,159.3440,159.3790,159.2900,159.3500
1779865200,159.3490,159.3660,159.2980,159.3510
1779868800,159.3510,159.4450,159.3100,159.3940
1779872400,159.3880,159.4000,159.3100,159.3590
1779876000,159.3510,159.3920,159.3390,159.3830
1779879600,159.3760,159.4490,159.3680,159.4290
1779883200,159.4280,159.4490,159.2410,159.4150
1779886800,159.4170,159.4370,159.3740,159.3840
1779890400,159.3740,159.5110,159.3610,159.5070
1779894000,159.5080,159.5370,159.4300,159.4660
1779897600,159.4690,159.5250,159.4600,159.4940
1779901200,159.4860,159.5800,159.4850,159.5180
1779904800,159.5190,159.5570,159.4880,159.5070
1779908400,159.5060,159.5520,159.4960,159.5410
1779912000,159.5400,159.5430,159.4880,159.5010
1779915600,159.4940,159.5130,159.3910,159.4390
1779919200,159.4620,159.5180,159.4330,159.5020
1779922800,159.4970,159.5790,159.4850,159.5600
1779926400,159.5680,159.6030,159.5370,159.5590
1779930000,159.5580,159.5930,159.5300,159.5890
1779933600,159.5830,159.6040,159.5160,159.5590
1779937200,159.5540,159.6530,159.5310,159.6190
1779940800,159.6100,159.6200,159.5150,159.5690
1779944400,159.5690,159.5830,159.5230,159.5460
1779948000,159.5580,159.5720,159.4610,159.4870
1779951600,159.4840,159.5240,159.4350,159.4740
1779955200,159.4740,159.5270,159.4440,159.4570
1779958800,159.4470,159.4710,159.3730,159.4100
1779962400,159.4080,159.4670,159.3710,159.4600
1779966000,159.4660,159.4690,159.4080,159.4620
1779969600,159.4580,159.4640,159.2940,159.3640
1779973200,159.3660,159.4580,159.3130,159.4430
1779976800,159.4490,159.4930,159.1580,159.2270
1779980400,159.2260,159.2970,159.1740,159.2850
1779984000,159.2930,159.3390,159.1050,159.1590
1779987600,159.1650,159.2390,159.1420,159.1940
1779991200,159.1940,159.2870,159.1700,159.2570
1779994800,159.2570,159.2890,159.2020,159.2420
1779998400,159.2470,159.2760,159.2150,159.2220
1780002000,159.2170,159.2330,159.1660,159.2260
1780005600,159.2130,159.2810,159.1670,159.2600
1780009200,159.2600,159.2880,159.2130,159.2670
1780012800,159.2610,159.3250,159.2390,159.2850
1780016400,159.2880,159.3310,159.2460,159.3160
1780020000,159.3170,159.3240,159.2630,159.3150
1780023600,159.3060,159.3700,159.3030,159.3610
1780027200,159.3510,159.3780,159.2940,159.2950
1780030800,159.2950,159.3330,159.2780,159.3130
1780034400,159.3050,159.3330,159.1880,159.2070
1780038000,159.2110,159.3190,159.1940,159.2540
1780041600,159.2590,159.3190,159.2050,159.2900
1780045200,159.2900,159.3010,159.2310,159.2930
1780048800,159.2920,159.3220,159.2550,159.2800
1780052400,159.2790,159.3020,159.2400,159.2500
1780056000,159.2520,159.3090,159.2390,159.2540
1780059600,159.2530,159.3100,159.2340,159.3020
1780063200,159.3030,159.3580,159.1570,159.1870
1780066800,159.1890,159.2470,159.0900,159.2270
1780070400,159.2270,159.2530,159.1760,159.1930
1780074000,159.1930,159.2880,159.1770,159.2850
1780077600,159.2770,159.3060,159.2140,159.2580
1780081200,159.2630,159.2750,159.2090,159.2490
1780084800,159.2600,159.2920,159.2100,159.2490
1780088400,159.2550,159.2550,159.2550,159.2550
1780268400,159.3880,159.4000,159.2920,159.3610
1780272000,159.3530,159.4710,159.3530,159.4540
1780275600,159.4490,159.4990,159.4420,159.4880
1780279200,159.4840,159.4990,159.4450,159.4640
1780282800,159.4580,159.4870,159.4300,159.4720
1780286400,159.4720,159.4830,159.4470,159.4530
1780290000,159.4530,159.4820,159.4290,159.4640
1780293600,159.4590,159.5010,159.4080,159.4260
1780297200,159.4190,159.4860,159.4030,159.4600
1780300800,159.4610,159.4750,159.4340,159.4460
1780304400,159.4480,159.4830,159.4360,159.4510
1780308000,159.4500,159.4790,159.4360,159.4480
1780311600,159.4480,159.4950,159.4360,159.4910
1780315200,159.4830,159.4950,159.4270,159.4800
1780318800,159.4820,159.7420,159.4790,159.7100
1780322400,159.7210,159.7640,159.6520,159.7160
1780326000,159.7240,159.7370,159.5720,159.6570
1780329600,159.6540,159.7120,159.5590,159.5950
1780333200,159.6020,159.6840,159.5640,159.6280
1780336800,159.6300,159.7650,159.6120,159.7640
1780340400,159.7590,159.7610,159.6430,159.6930
1780344000,159.6870,159.7050,159.6360,159.6410
1780347600,159.6430,159.6740,159.5310,159.6020
1780351200,159.6020,159.6710,159.5650,159.6540
1780354800,159.6610,159.6610,159.6110,159.6350
1780358400,159.6350,159.7270,159.6290,159.6600
1780362000,159.6570,159.7240,159.6300,159.7070
1780365600,159.7080,159.7230,159.6710,159.7070
1780369200,159.7150,159.7240,159.6800,159.7200
1780372800,159.7130,159.7300,159.7040,159.7210
1780376400,159.7210,159.7430,159.7060,159.7410
1780380000,159.7340,159.7480,159.6800,159.6970
1780383600,159.6970,159.7280,159.6850,159.6890
1780387200,159.6930,159.7460,159.6470,159.7430
1780390800,159.7440,159.7510,159.6880,159.7350
1780394400,159.7320,159.7540,159.7010,159.7280
1780398000,159.7280,159.7520,159.7070,159.7470
1780401600,159.7380,159.7860,159.7290,159.7780
1780405200,159.7760,159.8350,159.7590,159.7740
1780408800,159.7970,159.8770,159.7670,159.8590
1780412400,159.8600,159.9020,159.8520,159.8740
1780416000,159.8720,159.9490,159.8560,159.9020
1780419600,159.9030,159.9690,159.8850,159.9590
1780423200,159.9550,159.9900,159.8960,159.9000
1780426800,159.8990,159.9540,159.8840,159.9220
1780430400,159.9270,159.9500,159.8630,159.8640
1780434000,159.8660,159.9150,159.8160,159.8970
1780437600,159.8670,159.9780,159.8450,159.9440
1780441200,159.9520,159.9980,159.9370,159.9800
1780444800,159.9790,159.9870,159.8870,159.9350
1780448400,159.9340,159.9450,159.8070,159.8540
1780452000,159.8540,159.8800,159.8240,159.8660
1780455600,159.8650,159.9030,159.8620,159.8790
1780459200,159.8800,159.8980,159.8610,159.8820
1780462800,159.8820,159.9330,159.8610,159.9210
1780466400,159.9270,159.9870,159.9000,159.9720
1780470000,159.9720,159.9970,159.5380,159.7010
1780473600,159.6980,159.8170,159.3510,159.7480
1780477200,159.7480,159.8840,159.7460,159.7890
1780480800,159.7800,159.8550,159.6570,159.7860
1780484400,159.7910,159.8400,159.7750,159.8380
1780488000,159.8340,159.9310,159.7730,159.9110
1780491600,159.9110,159.9850,159.8870,159.9520
1780495200,159.9740,160.0020,159.8910,159.9400
1780498800,159.9400,160.0050,159.9320,159.9710
1780502400,159.9630,160.0490,159.9430,159.9830
1780506000,159.9780,160.0510,159.9460,160.0380
1780509600,160.0490,160.0600,160.0110,160.0330
1780513200,160.0320,160.0800,159.9940,160.0710
1780516800,160.0760,160.0940,160.0240,160.0240
1780520400,160.0360,160.0550,159.9350,159.9890
1780524000,159.9890,160.0830,159.8170,159.9450
1780527600,159.9120,159.9810,159.8820,159.9430
1780531200,159.9420,159.9680,159.8780,159.9030
1780534800,159.9020,159.9320,159.8650,159.8770
1780538400,159.8840,159.9130,159.8650,159.8980
1780542000,159.8910,159.9890,159.8900,159.9670
1780545600,159.9700,159.9920,159.5740,159.8650
1780549200,159.8650,159.9330,159.8470,159.8830
1780552800,159.8770,159.9210,159.8180,159.9010
1780556400,159.8980,159.9290,159.8580,159.9030
1780560000,159.9020,159.9200,159.8380,159.8700
1780563600,159.8690,159.8970,159.8350,159.8580
1780567200,159.8490,159.8980,159.8490,159.8700
1780570800,159.8730,159.8780,159.7420,159.7600
1780574400,159.7590,159.8780,159.7460,159.8570
1780578000,159.8570,159.9220,159.8360,159.9120
1780581600,159.9120,160.0040,159.8710,159.9870
1780585200,159.9800,160.0310,159.9500,159.9670
1780588800,159.9660,159.9940,159.9340,159.9690
1780592400,159.9670,160.0010,159.9630,159.9880
1780596000,159.9880,160.0350,159.9610,160.0230
1780599600,160.0240,160.0340,160.0000,160.0080
1780603200,160.0150,160.0460,159.9880,160.0130
1780606800,159.9980,160.0420,159.9160,159.9670
1780610400,159.9400,160.0240,159.9310,159.9980
1780614000,159.9900,160.0130,159.9640,159.9900
1780617600,159.9880,160.0070,159.9370,159.9610
1780621200,159.9530,159.9720,159.8930,159.9560
1780624800,159.9530,159.9770,159.9300,159.9750
1780628400,159.9710,159.9940,159.9330,159.9500
1780632000,159.9500,159.9710,159.9350,159.9520
1780635600,159.9540,159.9710,159.9090,159.9630
1780639200,159.9560,159.9740,159.9200,159.9340
1780642800,159.9330,159.9530,159.9030,159.9520
1780646400,159.9450,159.9540,159.9150,159.9430
1780650000,159.9420,159.9600,159.8890,159.9350
1780653600,159.9350,159.9510,159.8980,159.9040
1780657200,159.9030,159.9330,159.8200,159.8380
1780660800,159.8410,160.2230,159.8230,160.2080
1780664400,160.2170,160.2650,159.7060,160.1380
1780668000,160.1390,160.2820,160.0540,160.2660
1780671600,160.2650,160.3010,160.2080,160.2590
1780675200,160.2590,160.3430,160.2350,160.2740
1780678800,160.2750,160.3420,160.2640,160.3140
1780682400,160.3150,160.3410,160.0830,160.1580
1780686000,160.1590,160.2070,160.1110,160.1710
1780689600,160.1840,160.3340,160.1690,160.2930
1780873200,160.3280,160.3450,160.2320,160.3280
1780876800,160.3280,160.3470,160.2310,160.3230
1780880400,160.3200,160.3520,160.2580,160.3270
1780884000,160.3260,160.3790,160.3200,160.3700
1780887600,160.3690,160.3940,160.3320,160.3390
1780891200,160.3400,160.3550,160.2810,160.3430
1780894800,160.3380,160.3470,160.1990,160.2590
1780898400,160.2540,160.3420,160.2220,160.2580
1780902000,160.2640,160.2660,160.1440,160.2300
1780905600,160.2220,160.2430,159.8400,160.0260
1780909200,160.0110,160.0760,159.9760,160.0020
1780912800,160.0100,160.0820,159.9180,159.9960
1780916400,159.9970,160.0130,159.8750,159.9630
1780920000,159.9630,159.9840,159.9080,159.9530
1780923600,159.9600,160.0390,159.9300,160.0270
1780927200,160.0270,160.2040,160.0240,160.0750
1780930800,160.0700,160.1400,160.0320,160.1190
1780934400,160.1140,160.1710,160.0740,160.1570
1780938000,160.1590,160.2050,160.1120,160.1620
1780941600,160.1600,160.2710,160.1340,160.2510
1780945200,160.2510,160.2700,160.1980,160.2070
1780948800,160.2130,160.2260,160.1180,160.1390
1780952400,160.1180,160.1820,160.0780,160.1080
1780956000,160.1080,160.1890,160.0850,160.1630
1780959600,160.1610,160.2290,160.1460,160.1740
1780963200,160.1740,160.2850,160.1260,160.2320
1780966800,160.2310,160.2520,160.1680,160.1930
1780970400,160.1840,160.2250,160.1790,160.2230
1780974000,160.2190,160.2580,160.1980,160.2490
1780977600,160.2530,160.2580,160.1800,160.1850
1780981200,160.1890,160.2080,160.1050,160.1450
1780984800,160.1480,160.1810,160.0450,160.1680
1780988400,160.1600,160.2190,160.1480,160.1920
1780992000,160.1940,160.2240,160.1630,160.1730
1780995600,160.1710,160.2020,160.1380,160.1840
1780999200,160.1850,160.2150,160.1400,160.1620
1781002800,160.1620,160.1810,160.1390,160.1530
1781006400,160.1530,160.1990,160.1410,160.1890
1781010000,160.1830,160.2270,160.1430,160.1970
1781013600,160.1950,160.2620,160.1440,160.2470
1781017200,160.2480,160.3050,160.2110,160.2230
1781020800,160.2250,160.4490,160.2070,160.3970
1781024400,160.4020,160.4060,160.2780,160.3520
1781028000,160.3480,160.3760,160.3200,160.3520
1781031600,160.3520,160.4220,160.3500,160.4090
1781035200,160.4070,160.4240,160.3330,160.3480
1781038800,160.3280,160.3840,160.2950,160.3220
1781042400,160.3240,160.4070,160.3020,160.3990
1781046000,160.4000,160.4210,160.3690,160.3820
1781049600,160.3820,160.4380,160.3450,160.3790
1781053200,160.3790,160.3960,160.2250,160.3740
1781056800,160.3720,160.3840,160.3310,160.3590
1781060400,160.3600,160.3730,160.3320,160.3510
1781064000,160.3500,160.3720,160.3390,160.3710
1781067600,160.3720,160.3780,160.3210,160.3380
1781071200,160.3380,160.3900,160.3190,160.3780
1781074800,160.3780,160.3990,160.3390,160.3870
1781078400,160.3860,160.4330,160.3770,160.4190
1781082000,160.4240,160.4810,160.3970,160.4440
1781085600,160.4370,160.4780,160.4350,160.4610
1781089200,160.4600,160.5300,160.4520,160.4990
1781092800,160.4890,160.5160,160.3040,160.4310
1781096400,160.4340,160.4580,160.3360,160.3860
1781100000,160.3790,160.4950,160.3650,160.4880
1781103600,160.4780,160.5310,160.4360,160.4700
1781107200,160.4660,160.5110,160.4340,160.4810
1781110800,160.4810,160.5440,160.4500,160.4990
1781114400,160.5000,160.5060,160.4470,160.4910
1781118000,160.4910,160.5410,160.4880,160.5320
1781121600,160.5390,160.5770,160.5090,160.5280
1781125200,160.5090,160.5210,160.4450,160.4720
1781128800,160.4780,160.5650,160.4190,160.5390
1781132400,160.5490,160.5630,160.5060,160.5270
1781136000,160.5270,160.5500,160.4880,160.5190
1781139600,160.5080,160.5470,160.4200,160.4830
1781143200,160.4890,160.5370,160.4660,160.5080
1781146800,160.5070,160.5370,160.5010,160.5050
1781150400,160.5070,160.5330,160.4870,160.5060
1781154000,160.5010,160.5500,160.4870,160.5460
1781157600,160.5380,160.5900,160.5290,160.5520
1781161200,160.5530,160.5580,160.4870,160.5070
1781164800,160.4980,160.5430,160.4910,160.5340
1781168400,160.5240,160.5500,160.5070,160.5320
1781172000,160.5240,160.5550,160.5130,160.5230
1781175600,160.5190,160.5380,160.4990,160.5290
1781179200,160.5370,160.6020,160.4810,160.5250
1781182800,160.5230,160.5590,160.4510,160.4820
1781186400,160.4800,160.5530,160.4650,160.5030
1781190000,160.5030,160.5210,160.4620,160.5050
1781193600,160.5040,160.5580,160.4990,160.5220
1781197200,160.5250,160.5480,160.0210,160.1200
1781200800,160.1240,160.2860,159.9320,160.0740
1781204400,160.0800,160.0820,159.5160,159.7880
1781208000,159.7940,159.9760,159.7400,159.9230
1781211600,159.8840,159.9760,159.8650,159.9430
1781215200,159.9320,160.0890,159.8970,160.0100
1781218800,160.0070,160.1510,159.9630,160.1380
1781222400,160.1300,160.2210,160.1130,160.1620
1781226000,160.1620,160.2690,160.1460,160.2600
1781229600,160.2550,160.3070,160.2390,160.2910
1781233200,160.2840,160.2970,160.2030,160.2270
1781236800,160.2340,160.2710,160.2200,160.2500
1781240400,160.2510,160.3510,160.2320,160.3410
1781244000,160.3380,160.3600,160.2500,160.3150
1781247600,160.3110,160.3770,160.2640,160.2800
1781251200,160.2780,160.2950,159.9460,160.0870
1781254800,160.0850,160.1120,159.9470,160.0580
1781258400,160.0570,160.1940,160.0310,160.0880
1781262000,160.0890,160.1850,160.0840,160.1660
1781265600,160.1660,160.3080,160.1660,160.2490
1781269200,160.2500,160.3460,160.1860,160.2530
1781272800,160.2670,160.2920,160.1530,160.2360
1781276400,160.2420,160.2500,160.1600,160.2470
1781280000,160.2420,160.2810,160.1750,160.2260
1781283600,160.2270,160.2380,160.1780,160.1950
1781287200,160.1940,160.2420,160.1860,160.2350
1781290800,160.2290,160.2430,160.1930,160.1990
1781294400,160.2060,160.2360,160.1530,160.2070
1781298000,160.1850,160.1850,160.1850,160.1850
1781478000,159.9310,159.9800,159.8920,159.9530
1781481600,159.9550,160.1290,159.8770,160.1050
1781485200,160.1050,160.2180,160.0880,160.2080
1781488800,160.2070,160.2310,160.1160,160.1380
1781492400,160.1380,160.1460,160.0430,160.0590
1781496000,160.0520,160.0960,160.0080,160.0450
1781499600,160.0450,160.0580,159.9870,160.0470
1781503200,160.0470,160.1630,160.0380,160.1250
1781506800,160.1260,160.1400,160.0360,160.1050
1781510400,160.1070,160.1520,160.0690,160.1370
1781514000,160.1320,160.1470,160.0810,160.1170
1781517600,160.1150,160.1480,160.0830,160.1220
1781521200,160.1210,160.2080,160.1050,160.1830
1781524800,160.1790,160.1940,160.1120,160.1330
1781528400,160.1350,160.1550,160.0610,160.0680
1781532000,160.0680,160.1390,160.0220,160.1300
1781535600,160.1320,160.2050,160.1220,160.1960
1781539200,160.1960,160.2430,160.1400,160.2120
1781542800,160.2110,160.2810,160.2080,160.2660
1781546400,160.2670,160.3180,160.2490,160.3050
1781550000,160.3020,160.3920,160.2750,160.3900
1781553600,160.3800,160.3970,160.3040,160.3320
1781557200,160.2860,160.3590,160.2620,160.2990
1781560800,160.3330,160.3570,160.2710,160.3230
1781564400,160.3160,160.3270,160.2150,160.2400
1781568000,160.2400,160.2760,160.1510,160.1930
1781571600,160.1940,160.2160,160.0930,160.1550
1781575200,160.1530,160.1980,160.0900,160.1390
1781578800,160.1280,160.2510,160.0350,160.2040
1781582400,160.2020,160.3520,160.1850,160.2490
1781586000,160.2470,160.3040,160.2280,160.2890
1781589600,160.2960,160.2980,160.1420,160.2060
1781593200,160.2020,160.3470,160.1890,160.2370
1781596800,160.2300,160.3330,160.2180,160.3220
1781600400,160.3140,160.3610,160.2990,160.3370
1781604000,160.3370,160.3470,160.2720,160.2850
1781607600,160.2860,160.3620,160.2850,160.3550
1781611200,160.3520,160.3790,160.3120,160.3190
1781614800,160.3230,160.4100,160.3160,160.3910
1781618400,160.3980,160.4670,160.3670,160.3970
1781622000,160.3970,160.4620,160.3300,160.3890
1781625600,160.3810,160.4090,160.3270,160.3980
1781629200,160.3890,160.4450,160.3800,160.4350
1781632800,160.4340,160.4630,160.4140,160.4290
1781636400,160.4300,160.4790,160.3880,160.4690
1781640000,160.4630,160.4820,160.3790,160.3930
1781643600,160.3660,160.4430,160.3380,160.3760
1781647200,160.3760,160.4420,160.3570,160.4080
1781650800,160.4000,160.4440,160.3850,160.4190
1781654400,160.4270,160.4280,160.3400,160.3480
1781658000,160.3470,160.3730,160.3070,160.3440
1781661600,160.3440,160.3540,160.3020,160.3260
1781665200,160.3290,160.3550,160.3060,160.3120
1781668800,160.3120,160.3260,160.2460,160.2590
1781672400,160.2590,160.3300,160.2570,160.3210
1781676000,160.3210,160.3370,160.2440,160.2480
1781679600,160.2480,160.3060,160.1770,160.1840
1781683200,160.1850,160.2550,160.1120,160.2010
1781686800,160.2030,160.2260,160.1550,160.1780
1781690400,160.1850,160.2450,160.1750,160.2280
1781694000,160.2290,160.3350,160.2210,160.3120
1781697600,160.3020,160.3250,160.2270,160.2420
1781701200,160.2430,160.3010,160.1800,160.1900
1781704800,160.1900,160.3520,160.1880,160.3170
1781708400,160.3150,160.3370,160.1860,160.2160
1781712000,160.2160,160.2370,160.1890,160.1900
1781715600,160.1920,160.2370,160.1700,160.1700
1781719200,160.1820,160.5150,160.1820,160.4950
1781722800,160.4880,160.7960,160.4630,160.7310
1781726400,160.7300,160.7580,160.6010,160.6300
1781730000,160.6300,160.6340,160.4900,160.5530
1781733600,160.5440,160.6550,160.5110,160.6000
1781737200,160.5990,160.6240,160.5300,160.6020
1781740800,160.6000,160.7510,160.5260,160.6930
1781744400,160.6930,160.6990,160.6180,160.6320
1781748000,160.6320,160.6650,160.5540,160.5820
1781751600,160.5810,160.6160,160.5580,160.5760
1781755200,160.5760,160.6230,160.5690,160.5950
1781758800,160.5890,160.6520,160.5760,160.6450
1781762400,160.6380,160.6830,160.5860,160.6260
1781766000,160.6310,160.6830,160.5670,160.5890
1781769600,160.5890,160.7790,160.5830,160.7700
1781773200,160.7690,160.8060,160.4650,160.7920
1781776800,160.7840,160.9510,160.7460,160.9160
1781780400,160.9150,160.9520,160.8590,160.9300
1781784000,160.9230,160.9450,160.8240,160.8670
1781787600,160.8690,160.9290,160.7930,160.8810
1781791200,160.8810,160.9150,160.8340,160.8530
1781794800,160.8580,161.3740,160.8430,161.3680
1781798400,161.3660,161.4540,161.1870,161.4250
1781802000,161.4200,161.4580,161.3310,161.4460
1781805600,161.4380,161.6880,161.3960,161.6720
1781809200,161.6750,161.8090,160.8830,161.4330
1781812800,161.4320,161.4610,161.3220,161.3610
1781816400,161.3340,161.4050,161.2730,161.3180
1781820000,161.3180,161.4290,161.1640,161.2530
1781823600,161.2650,161.3600,161.2380,161.2900
1781827200,161.2930,161.3030,160.9970,161.1000
1781830800,161.0940,161.2110,160.9760,161.1920
1781834400,161.1900,161.2440,161.0980,161.2300
1781838000,161.2230,161.3470,161.1970,161.3460
1781841600,161.3410,161.4120,161.3250,161.3710
1781845200,161.3720,161.4590,161.3260,161.3380
1781848800,161.3310,161.4020,161.2600,161.2690
1781852400,161.2700,161.3530,161.2330,161.3130
1781856000,161.3110,161.3260,161.2350,161.2790
1781859600,161.2780,161.3290,161.2230,161.2570
1781863200,161.2640,161.3330,161.2340,161.2740
1781866800,161.2790,161.3090,161.2290,161.2550
1781870400,161.2500,161.2830,161.1510,161.1640
1781874000,161.1620,161.3080,161.1480,161.2890
1781877600,161.2870,161.3220,161.1380,161.1540
1781881200,161.1630,161.3090,161.1250,161.3000
1781884800,161.3010,161.3420,161.2550,161.3220
1781888400,161.3320,161.3360,161.2540,161.2680
1781892000,161.2660,161.2830,161.2270,161.2610
1781895600,161.2610,161.2930,161.2220,161.2840
1781899200,161.2870,161.3200,161.1970,161.2800
1781902800,161.2750,161.2800,161.2750,161.2800
1782082800,161.4470,161.5190,161.4080,161.4340
1782086400,161.4330,161.5690,161.4120,161.4890
1782090000,161.4960,161.5490,161.4300,161.5290
1782093600,161.5310,161.6000,161.5120,161.5340
1782097200,161.5280,161.6070,161.5250,161.5880
1782100800,161.5790,161.6940,161.5760,161.6590
1782104400,161.6590,161.7030,161.6320,161.6950
1782108000,161.6930,161.7160,161.6070,161.6820
1782111600,161.6760,161.7680,161.6420,161.7350
1782115200,161.7350,161.7880,161.7000,161.7710
1782118800,161.7620,161.7750,161.7020,161.7430
1782122400,161.7400,161.7510,161.6490,161.7200
1782126000,161.7200,161.7870,161.6690,161.7610
1782129600,161.7600,161.7870,161.7180,161.7670
1782133200,161.7680,161.9070,161.7290,161.8990
1782136800,161.8920,161.9280,161.0510,161.3310
1782140400,161.3220,161.5490,161.1560,161.5010
1782144000,161.5080,161.6490,161.4700,161.5510
1782147600,161.5490,161.5650,161.4800,161.4970
1782151200,161.4940,161.5250,161.3920,161.4200
1782154800,161.4110,161.6900,161.4110,161.6070
1782158400,161.6100,161.6150,161.5380,161.5720
1782162000,161.5240,161.5390,161.4840,161.5160
1782165600,161.5200,161.6400,161.5130,161.5760
1782169200,161.5730,161.5890,161.5450,161.5700
1782172800,161.5700,161.6340,161.5150,161.5820
1782176400,161.5720,161.6080,161.5470,161.5900
1782180000,161.5840,161.5980,161.5170,161.5760
1782183600,161.5760,161.6070,161.5320,161.5480
1782187200,161.5480,161.6150,161.5430,161.6110
1782190800,161.6040,161.6870,161.5840,161.6520
1782194400,161.6480,161.7410,161.6320,161.6380
1782198000,161.6370,161.6610,161.3090,161.4580
1782201600,161.4600,161.4850,161.2630,161.4360
1782205200,161.4290,161.4690,161.3340,161.3850
1782208800,161.3830,161.4800,161.3450,161.4540
1782212400,161.4470,161.6170,161.4230,161.5850
1782216000,161.5840,161.6080,161.4380,161.5580
1782219600,161.5500,161.5810,161.4420,161.5180
1782223200,161.5180,161.5860,161.4810,161.5440
1782226800,161.5380,161.5870,161.4970,161.5440
1782230400,161.5440,161.6000,161.5320,161.5980
1782234000,161.5890,161.6210,161.5350,161.5540
1782237600,161.5490,161.5960,161.5340,161.5620
1782241200,161.5630,161.5740,161.5070,161.5700
1782244800,161.5680,161.6110,161.5080,161.5500
1782248400,161.4820,161.5530,161.4650,161.5020
1782252000,161.5030,161.6070,161.4910,161.5540
1782255600,161.5580,161.6090,161.5210,161.6020
1782259200,161.5950,161.6360,161.5420,161.6250
1782262800,161.6190,161.6280,161.5430,161.5640
1782266400,161.5630,161.5880,161.5270,161.5410
1782270000,161.5450,161.6040,161.5380,161.5440
1782273600,161.5460,161.5650,161.5230,161.5500
1782277200,161.5500,161.6180,161.5350,161.6080
1782280800,161.6020,161.7180,161.5730,161.7040
1782284400,161.7100,161.7400,161.6570,161.7250
1782288000,161.7100,161.7570,161.6750,161.7490
1782291600,161.7510,161.7810,161.7040,161.7430
1782295200,161.7330,161.7520,161.6740,161.6830
1782298800,161.6840,161.7180,161.6180,161.6550
1782302400,161.6470,161.7530,161.6290,161.7480
1782306000,161.7480,161.7660,161.6950,161.7480
1782309600,161.7460,161.8170,161.6980,161.7820
1782313200,161.7820,161.8130,161.7270,161.7510
1782316800,161.7510,161.7710,161.6840,161.7530
1782320400,161.7530,161.8220,161.7280,161.8100
1782324000,161.8100,161.8300,161.7550,161.7560
1782327600,161.7570,161.8430,161.7440,161.8150
1782331200,161.8240,161.8320,161.7480,161.7550
1782334800,161.7280,161.7860,161.7090,161.7390
1782338400,161.7390,161.7830,161.6890,161.7690
1782342000,161.7600,161.7910,161.7430,161.7630
1782345600,161.7630,161.7820,161.6910,161.7060
1782349200,161.7070,161.7440,161.5500,161.7190
1782352800,161.7180,161.7300,161.6560,161.7070
1782356400,161.7090,161.7540,161.6880,161.7250
1782360000,161.7170,161.7760,161.7000,161.7660
1782363600,161.7590,161.8280,161.7200,161.8230
1782367200,161.8310,161.8910,161.7780,161.8800
1782370800,161.8780,161.9000,161.7450,161.8050
1782374400,161.8080,161.8360,161.7690,161.7930
1782378000,161.7930,161.8400,161.7820,161.8090
1782381600,161.8160,161.8970,161.7980,161.8780
1782385200,161.8700,161.9500,161.7360,161.8580
1782388800,161.8580,161.9020,161.7600,161.8330
1782392400,161.8320,161.8570,161.6960,161.7380
1782396000,161.7370,161.7620,161.5560,161.6750
1782399600,161.6760,161.7240,161.6070,161.6680
1782403200,161.6670,161.7650,161.6520,161.7620
1782406800,161.7630,161.8100,161.7230,161.7700
1782410400,161.7700,161.8440,161.7550,161.7940
1782414000,161.7900,161.8260,161.7420,161.7830
1782417600,161.7900,161.8150,161.7670,161.7740
1782421200,161.7630,161.8120,161.6620,161.7350
1782424800,161.7600,161.8080,161.7350,161.7840
1782428400,161.7780,161.8180,161.7530,161.8020
1782432000,161.7970,161.8420,161.7830,161.8320
1782435600,161.8240,161.8500,161.7870,161.8050
1782439200,161.7970,161.8180,161.7630,161.7690
1782442800,161.7700,161.7800,161.6140,161.6480
1782446400,161.6430,161.6850,161.5590,161.6220
1782450000,161.6210,161.6430,161.5310,161.5360
1782453600,161.5360,161.7500,161.5250,161.7110
1782457200,161.7110,161.7270,161.6120,161.6270
1782460800,161.6180,161.6570,161.5310,161.5890
1782464400,161.5800,161.6310,161.5260,161.6050
1782468000,161.6000,161.6430,161.5640,161.6130
1782471600,161.6130,161.6820,161.6010,161.6610
1782475200,161.6570,161.7050,161.6300,161.6530
1782478800,161.6550,161.7230,161.6060,161.6220
1782482400,161.6030,161.7410,161.5730,161.7300
1782486000,161.7200,161.7460,161.6270,161.6660
1782489600,161.6650,161.7710,161.6530,161.7510
1782493200,161.7500,161.7770,161.7230,161.7720
1782496800,161.7650,161.7770,161.7050,161.7320
1782500400,161.7310,161.7660,161.7030,161.7570
1782504000,161.7580,161.7810,161.6930,161.6930
1782507600,161.6850,161.7300,161.6850,161.7300
1782687600,161.7800,161.8100,161.7620,161.7870
1782691200,161.7870,161.7970,161.7110,161.7540
1782694800,161.7530,161.7940,161.7270,161.7900
1782698400,161.7870,161.7920,161.7250,161.7830
1782702000,161.7820,161.7990,161.7670,161.7990
1782705600,161.7900,161.8150,161.7780,161.8080
1782709200,161.8080,161.8160,161.7750,161.8030
1782712800,161.7960,161.8520,161.7700,161.7910
1782716400,161.7850,161.8320,161.7820,161.8200
1782720000,161.8190,161.8600,161.7960,161.8480
1782723600,161.8480,161.9000,161.8250,161.8850
1782727200,161.8790,161.9010,161.8400,161.8520
1782730800,161.8500,161.8630,161.8050,161.8340
1782734400,161.8320,161.9050,161.8270,161.8880
1782738000,161.8890,161.9650,161.8770,161.9520
1782741600,161.9530,161.9570,161.8030,161.9240
1782745200,161.9240,161.9530,161.9150,161.9290
1782748800,161.9330,161.9460,161.9110,161.9370
1782752400,161.9380,161.9600,161.9120,161.9270
1782756000,161.9310,161.9840,161.9210,161.9650
1782759600,161.9650,161.9720,161.9000,161.9420
1782763200,161.9430,161.9690,161.9040,161.9260
1782766800,161.9280,161.9280,161.8350,161.8950
1782770400,161.8900,161.9440,161.8290,161.9250
1782774000,161.9240,161.9300,161.9000,161.9260
1782777600,161.9180,162.4040,161.9160,162.1250
1782781200,162.1330,162.3060,162.0450,162.1760
1782784800,162.1760,162.2000,162.1020,162.1480
1782788400,162.1420,162.2440,162.0390,162.1670
1782792000,162.1660,162.2030,162.1420,162.1960
1782795600,162.1900,162.2920,162.1450,162.2830
1782799200,162.2860,162.4130,162.1960,162.2030
1782802800,162.2060,162.2680,162.1080,162.2500
1782806400,162.2590,162.4120,162.2170,162.3060
1782810000,162.3080,162.3460,162.2620,162.2890
1782813600,162.2930,162.3570,162.2830,162.3070
1782817200,162.3120,162.4280,162.3070,162.4080
1782820800,162.4080,162.5140,162.0120,162.3980
1782824400,162.3980,162.4770,162.3090,162.4480
1782828000,162.4620,162.5540,162.3480,162.5160
1782831600,162.5110,162.6620,162.4640,162.6140
1782835200,162.6140,162.6700,162.5950,162.6480
1782838800,162.6430,162.6490,162.5510,162.5850
1782842400,162.5780,162.6210,162.5540,162.6120
1782846000,162.6120,162.6320,162.5700,162.5730
1782849600,162.5780,162.6140,162.4730,162.4730
1782853200,162.5200,162.6170,162.4680,162.5440
1782856800,162.5480,162.6270,162.5390,162.6050
1782860400,162.6000,162.6490,162.5200,162.6270
1782864000,162.6270,162.7770,162.6260,162.6810
1782867600,162.6860,162.7350,162.5820,162.6780
1782871200,162.6780,162.7930,162.6530,162.7440
1782874800,162.7430,162.8410,162.7250,162.7940
1782878400,162.7920,162.8130,162.5560,162.7280
1782882000,162.7180,162.7620,162.6780,162.7030
1782885600,162.7070,162.7580,162.6500,162.6690
1782889200,162.6690,162.7210,162.6040,162.6690
1782892800,162.6660,162.7040,162.6260,162.6650
1782896400,162.6530,162.7440,162.6430,162.7360
1782900000,162.7290,162.7470,162.6670,162.6840
1782903600,162.6820,162.7360,162.6760,162.6900
1782907200,162.6880,162.7670,162.6460,162.6950
1782910800,162.6980,162.7340,162.2860,162.3970
1782914400,162.3930,162.4520,162.3040,162.3910
1782918000,162.3900,162.4770,162.3660,162.4090
1782921600,162.4080,162.4630,162.3510,162.4510
1782925200,162.4530,162.5470,162.4190,162.5290
1782928800,162.5330,162.5830,162.5060,162.5180
1782932400,162.5220,162.5840,162.5030,162.5690
1782936000,162.5660,162.6190,162.5440,162.5750
1782939600,162.5710,162.5940,162.5020,162.5070
1782943200,162.5070,162.5720,162.5050,162.5310
1782946800,162.5320,162.5880,162.5090,162.5410
1782950400,162.5410,162.6000,162.4760,162.5590
1782954000,162.5560,162.5860,162.4980,162.5270
1782957600,162.5280,162.5540,162.4900,162.5170
1782961200,162.5210,162.5450,162.4290,162.4570
1782964800,162.4530,162.4610,162.3540,162.4250
1782968400,162.4260,162.4340,162.3100,162.3290
1782972000,162.3260,162.3360,161.1040,161.8110
1782975600,161.8110,161.9500,161.3660,161.4230
1782979200,161.4320,161.4610,160.8920,161.0210
1782982800,161.0180,161.3420,161.0150,161.1920
1782986400,161.1880,161.4900,161.1870,161.3520
1782990000,161.3600,161.5020,161.3160,161.4740
1782993600,161.4700,161.6440,160.6200,161.0170
1782997200,161.0170,161.1590,160.8450,160.8580
1783000800,160.8500,161.1200,160.8250,161.0380
1783004400,161.0350,161.0810,160.7530,160.9030
1783008000,160.9070,161.0950,160.8860,160.9870
1783011600,160.9780,161.1260,160.9760,161.0670
1783015200,161.0670,161.1050,161.0140,161.0430
1783018800,161.0430,161.1730,161.0420,161.1220
1783022400,161.1200,161.1410,161.0570,161.0850
1783026000,161.1040,161.1160,160.9860,161.0640
1783029600,161.0670,161.3040,160.9990,161.2680
1783033200,161.2490,161.4690,161.2230,161.4490
1783036800,161.4490,161.5240,161.1800,161.1920
1783040400,161.1870,161.2740,160.9090,161.2300
1783044000,161.2260,161.2490,161.1120,161.1650
1783047600,161.1660,161.2240,161.1350,161.1650
1783051200,161.1650,161.2110,161.1190,161.1190
1783054800,161.1200,161.1800,160.9740,161.1580
1783058400,161.1550,161.1660,160.4660,160.8600
1783062000,160.8620,160.9980,160.7070,160.7950
1783065600,160.7910,161.0380,160.7650,161.0280
1783069200,161.0320,161.1300,160.9550,161.1280
1783072800,161.1180,161.1690,161.0670,161.0920
1783076400,161.0890,161.1610,161.0480,161.1110
1783080000,161.1050,161.1730,161.1000,161.1670
1783083600,161.1690,161.2750,161.1610,161.2540
1783087200,161.2440,161.2950,161.1970,161.2870
1783090800,161.2890,161.3450,161.2630,161.3170
1783094400,161.3060,161.3940,161.2920,161.3380
1783098000,161.3380,161.3590,161.2630,161.3040
1783101600,161.2880,161.3590,161.2750,161.3390
1783105200,161.3410,161.3800,161.3220,161.3590
1783108800,161.3590,161.4290,161.2620,161.3370
1783292400,161.4050,161.5070,161.4050,161.4600
1783296000,161.4520,161.6070,161.4490,161.5280
1783299600,161.5320,161.8170,161.5240,161.8040
1783303200,161.8050,161.8520,161.7420,161.7680
1783306800,161.7670,161.8630,161.7570,161.8320
1783310400,161.8320,161.9470,161.8020,161.9340
1783314000,161.9340,162.0860,161.8760,162.0720
1783317600,162.0690,162.3080,162.0210,162.2460
1783321200,162.2480,162.3150,162.1490,162.1530
1783324800,162.1550,162.2930,162.1530,162.2400
1783328400,162.2400,162.3490,162.2230,162.3250
1783332000,162.3240,162.4120,162.2490,162.3020
1783335600,162.3040,162.3560,162.2770,162.3310
1783339200,162.3290,162.4270,162.2950,162.3980
1783342800,162.3950,162.4200,162.3020,162.3200
1783346400,162.3270,162.3850,162.2660,162.3590
1783350000,162.3600,162.3690,162.2650,162.2840
1783353600,162.2780,162.3170,162.2350,162.2550
1783357200,162.2540,162.2740,162.1370,162.1700
1783360800,162.1670,162.1890,162.0080,162.0400
1783364400,162.0360,162.1160,162.0250,162.0440
1783368000,162.0430,162.1140,162.0230,162.0700
1783371600,162.0680,162.1280,162.0260,162.0580
1783375200,162.0590,162.1130,162.0150,162.0690
1783378800,162.0610,162.1100,161.9930,162.0960
1783382400,162.0880,162.1830,162.0740,162.1240
1783386000,162.1290,162.1470,161.6730,161.8620
1783389600,161.8680,161.9270,161.7850,161.9160
1783393200,161.9130,161.9270,161.7860,161.8690
1783396800,161.8610,161.8870,161.6730,161.7850
1783400400,161.7850,161.8940,161.7450,161.8630
1783404000,161.8730,162.0440,161.8540,162.0160
1783407600,162.0170,162.0820,161.6560,161.9620
1783411200,161.9630,161.9720,161.8180,161.8890
1783414800,161.8890,161.9670,161.8070,161.9400
1783418400,161.9290,161.9630,161.8700,161.9270
1783422000,161.9330,161.9570,161.8380,161.9150
1783425600,161.9070,161.9290,161.7490,161.8320
1783429200,161.8300,161.9030,161.8030,161.8870
1783432800,161.8950,162.0230,161.8510,161.9150
1783436400,161.9050,161.9460,161.8500,161.9120
1783440000,161.9070,161.9590,161.8610,161.9360
1783443600,161.9280,161.9430,161.8650,161.8920
1783447200,161.8810,161.9720,161.8540,161.9220
1783450800,161.9320,162.1420,161.9220,162.0760
1783454400,162.0710,162.1280,162.0470,162.0900
1783458000,162.0850,162.1740,161.9780,162.1390
1783461600,162.1220,162.2040,162.0910,162.1830
1783465200,162.1730,162.3660,162.1610,162.3530
1783468800,162.3560,162.4040,162.2480,162.3490
1783472400,162.3410,162.4630,162.2780,162.3510
1783476000,162.3520,162.4330,162.3320,162.3430
1783479600,162.3400,162.3540,162.2840,162.3360
1783483200,162.3360,162.4080,162.3300,162.3680
1783486800,162.3610,162.3760,162.2030,162.2920
1783490400,162.2920,162.3100,162.0700,162.1980
1783494000,162.1980,162.2910,162.1740,162.2250
1783497600,162.2200,162.4980,162.2030,162.4860
1783501200,162.4840,162.5570,162.2460,162.4570
1783504800,162.4590,162.4790,162.3990,162.4740
1783508400,162.4720,162.5590,162.4140,162.5420
1783512000,162.5320,162.5460,162.4370,162.5140
1783515600,162.5140,162.5690,162.4750,162.5340
1783519200,162.5350,162.6230,162.5080,162.6060
1783522800,162.6050,162.7080,162.5880,162.6660
1783526400,162.6640,162.6720,162.4980,162.5310
1783530000,162.5310,162.5530,162.4120,162.4980
1783533600,162.5270,162.5610,162.4380,162.4770
1783537200,162.4680,162.5560,162.4160,162.4670
1783540800,162.4710,162.6460,162.4630,162.5840
1783544400,162.5480,162.5980,162.4850,162.5370
1783548000,162.5360,162.6140,162.5110,162.5520
1783551600,162.5600,162.5820,162.5250,162.5440
1783555200,162.5340,162.5430,162.3560,162.4390
1783558800,162.4390,162.5740,162.4070,162.4450
1783562400,162.4450,162.5040,162.4300,162.4710
1783566000,162.4640,162.4990,162.4020,162.4480
1783569600,162.4470,162.4650,162.4060,162.4260
1783573200,162.4330,162.4380,162.3370,162.3720
1783576800,162.3640,162.3750,162.2400,162.2890
1783580400,162.2920,162.3990,162.2890,162.3420
1783584000,162.3420,162.4040,162.2940,162.3880
1783587600,162.3880,162.4510,162.3730,162.3980
1783591200,162.3960,162.5080,162.3950,162.4800
1783594800,162.4770,162.5100,162.4490,162.4690
1783598400,162.4690,162.4770,162.3810,162.4360
1783602000,162.4440,162.4540,162.2880,162.3310
1783605600,162.3390,162.4230,162.2790,162.3680
1783609200,162.3580,162.4150,162.2500,162.2870
1783612800,162.2810,162.3270,162.2510,162.3160
1783616400,162.3070,162.3300,162.2660,162.2820
1783620000,162.2830,162.3770,162.2800,162.3290
1783623600,162.3290,162.4150,162.3140,162.3880
1783627200,162.3800,162.4060,162.3290,162.3580
1783630800,162.3420,162.3940,162.3280,162.3510
1783634400,162.3480,162.4290,162.3130,162.3510
1783638000,162.3390,162.3880,162.3300,162.3580
1783641600,162.3580,162.4250,161.8870,162.0420
1783645200,162.0460,162.1060,161.6300,161.7320
1783648800,161.7350,161.7540,161.2780,161.4480
1783652400,161.4470,161.5780,161.3440,161.5200
1783656000,161.5120,161.7100,161.5120,161.6270
1783659600,161.6270,161.6670,161.4690,161.5780
1783663200,161.5740,161.6160,161.4040,161.5740
1783666800,161.5740,161.7750,161.5660,161.6900
1783670400,161.6890,161.7470,161.5320,161.6790
1783674000,161.6790,161.8610,161.6320,161.8240
1783677600,161.8210,161.8300,161.6890,161.7610
1783681200,161.7600,161.8860,161.7400,161.8450
1783684800,161.8430,161.8950,161.6790,161.7880
1783688400,161.7870,161.8610,161.7160,161.7590
1783692000,161.7680,161.8690,161.7410,161.8220
1783695600,161.8290,161.8450,161.2760,161.3150
1783699200,161.3120,161.5130,161.2940,161.5030
1783702800,161.5110,161.6530,161.4870,161.6370
1783706400,161.6420,161.7350,161.6240,161.6810
1783710000,161.6820,161.7490,161.6710,161.7290
1783713600,161.7300,161.7630,161.6480,161.6720
1783897200,162.0140,162.0690,161.8750,161.8880
1783900800,161.8780,162.1030,161.8730,162.0900
1783904400,162.0950,162.1740,161.9500,161.9730
1783908000,161.9700,162.0940,161.9540,162.0730
1783911600,162.0670,162.1270,162.0580,162.0640
1783915200,162.0640,162.0960,161.9560,161.9970
1783918800,161.9890,162.3380,161.9330,162.2580
1783922400,162.2620,162.3590,162.1920,162.2410
1783926000,162.2330,162.2820,161.8230,162.0990
1783929600,162.1020,162.1440,162.0110,162.0760
1783933200,162.0730,162.1040,161.9710,161.9860
1783936800,161.9930,162.1250,161.9830,162.0600
1783940400,162.0650,162.1460,162.0230,162.1160
1783944000,162.1120,162.1960,162.0920,162.1080
1783947600,162.1080,162.2320,162.0670,162.2180
1783951200,162.2190,162.4130,162.1810,162.3430
1783954800,162.3500,162.3820,162.2990,162.3270
1783958400,162.3170,162.4670,162.3030,162.4490
1783962000,162.4480,162.4690,162.4190,162.4600
1783965600,162.4640,162.4810,162.3490,162.3510
1783969200,162.3510,162.4670,162.3480,162.4460
1783972800,162.4460,162.4880,162.3880,162.4320
1783976400,162.3590,162.4590,162.3130,162.4270
1783980000,162.4270,162.4730,162.4030,162.4350
1783983600,162.4420,162.4570,162.3830,162.4140
1783987200,162.4130,162.4700,162.2230,162.3840
1783990800,162.3780,162.4260,162.3170,162.3870
1783994400,162.3900,162.4150,162.3030,162.3230
1783998000,162.3170,162.3740,162.2220,162.2880
1784001600,162.2840,162.3420,162.2560,162.3200
1784005200,162.3130,162.3190,162.2360,162.2890
1784008800,162.2840,162.3720,162.2700,162.3470
1784012400,162.3390,162.3730,162.2900,162.3400
1784016000,162.3380,162.3880,162.0400,162.2660
1784019600,162.2700,162.2830,162.1490,162.1780
1784023200,162.1760,162.2640,162.1490,162.2440
1784026800,162.2470,162.2770,162.1770,162.1950
1784030400,162.1930,162.2350,161.5880,161.9120
1784034000,161.9020,161.9790,161.8230,161.9260
1784037600,161.9190,162.0170,161.8200,161.9650
1784041200,161.9650,162.1710,161.8690,162.1450
1784044800,162.1380,162.2020,162.1010,162.1090
1784048400,162.1070,162.2370,162.1070,162.1920
1784052000,162.1880,162.2880,162.1560,162.1870
1784055600,162.1920,162.2150,162.1270,162.2100
1784059200,162.2040,162.2700,162.1990,162.2330
1784062800,162.2240,162.2540,162.1340,162.1880
1784066400,162.1890,162.2660,162.1580,162.2260
1784070000,162.2260,162.2400,162.1560,162.1870
1784073600,162.1890,162.2400,162.0700,162.0990
1784077200,162.0980,162.1280,161.9570,162.0970
1784080800,162.0890,162.1240,162.0270,162.1020
1784084400,162.1030,162.1810,162.0780,162.1430
1784088000,162.1330,162.2300,162.1280,162.2120
1784091600,162.2050,162.2370,162.1670,162.1960
1784095200,162.1960,162.2160,162.0930,162.2020
1784098800,162.2080,162.3110,162.1900,162.2680
1784102400,162.2610,162.3510,162.2380,162.2900
1784106000,162.2900,162.3730,162.2360,162.3580
1784109600,162.3580,162.4230,162.3030,162.3280
1784113200,162.3210,162.3950,162.2880,162.3460
1784116800,162.3350,162.3950,162.1340,162.1570
1784120400,162.1560,162.2800,162.1240,162.2010
1784124000,162.2010,162.2380,162.1170,162.1430
1784127600,162.1350,162.2160,162.0690,162.1270
1784131200,162.1250,162.1990,162.1100,162.1580
1784134800,162.1590,162.1700,161.9610,161.9800
1784138400,161.9870,162.0620,161.8850,162.0460
1784142000,162.0400,162.2840,162.0050,162.2240
1784145600,162.2240,162.2330,162.1530,162.1720
1784149200,162.1560,162.2500,162.0680,162.1010
1784152800,162.1010,162.1520,162.0440,162.1130
1784156400,162.1120,162.1240,162.0230,162.0740
1784160000,162.0670,162.1550,162.0450,162.0930
1784163600,162.0930,162.1190,162.0230,162.1090
1784167200,162.1050,162.1690,162.0810,162.1450
1784170800,162.1440,162.1600,162.0630,162.0820
1784174400,162.0820,162.1420,162.0750,162.0920
1784178000,162.0930,162.1820,162.0750,162.1590
1784181600,162.1500,162.1760,162.1040,162.1120
1784185200,162.1200,162.1290,161.9770,162.0760
1784188800,162.0760,162.1790,162.0590,162.1460
1784192400,162.1370,162.1960,162.1050,162.1670
1784196000,162.1690,162.1940,162.1230,162.1430
1784199600,162.1440,162.2330,162.1080,162.1480
1784203200,162.1550,162.3010,162.1230,162.2960
1784206800,162.2900,162.3480,162.2070,162.3240
1784210400,162.3250,162.4530,162.3010,162.4410
1784214000,162.4400,162.4770,162.4040,162.4170
1784217600,162.4170,162.5460,162.4130,162.4640
1784221200,162.4760,162.5060,162.3880,162.4050
1784224800,162.4050,162.4250,162.3630,162.3820
1784228400,162.3890,162.4330,162.3710,162.3950
1784232000,162.3940,162.4060,162.3330,162.3820
1784235600,162.3760,162.4250,162.3240,162.3520
1784239200,162.3440,162.3830,162.2950,162.3640
1784242800,162.3520,162.3950,162.3120,162.3730
1784246400,162.3740,162.4560,162.3520,162.4210
1784250000,162.4150,162.4750,162.4030,162.4670
1784253600,162.4630,162.4690,162.3340,162.3640
1784257200,162.3640,162.4110,162.3510,162.3880
1784260800,162.3940,162.4310,162.3620,162.4180
1784264400,162.4150,162.4450,162.3600,162.4010
1784268000,162.3950,162.4230,162.1110,162.2640
1784271600,162.2600,162.2920,162.1440,162.2830
1784275200,162.2850,162.4230,162.2540,162.3830
1784278800,162.3830,162.4530,162.3490,162.3570
1784282400,162.3630,162.4190,162.3480,162.3590
1784286000,162.3600,162.3720,162.2950,162.3620
1784289600,162.3560,162.4190,162.2950,162.4040
1784293200,162.4110,162.4440,162.3160,162.3520
1784296800,162.3370,162.4120,162.3220,162.4040
1784300400,162.4030,162.4400,162.3420,162.4240
1784304000,162.4280,162.5190,162.4230,162.4330
1784307600,162.4220,162.4770,162.3960,162.4410
1784311200,162.4410,162.4610,162.4080,162.4380
1784314800,162.4440,162.4750,162.3770,162.3800
1784318400,162.3800,162.4450,162.3340,162.3530
1784502000,162.5040,162.5480,162.4720,162.5120
1784505600,162.5120,162.5380,162.3200,162.3390
1784509200,162.3270,162.4130,162.2970,162.3610
1784512800,162.3560,162.3740,162.3250,162.3670
1784516400,162.3630,162.3800,162.3460,162.3670
1784520000,162.3670,162.3860,162.3200,162.3350
1784523600,162.3310,162.3750,162.3120,162.3740
1784527200,162.3640,162.4160,162.3500,162.4050
1784530800,162.4040,162.4530,162.3080,162.3570
1784534400,162.3580,162.3790,162.3270,162.3710
1784538000,162.3630,162.4360,162.3590,162.4090
1784541600,162.4100,162.4300,162.3820,162.4000
1784545200,162.3980,162.4280,162.1880,162.3420
1784548800,162.3450,162.4310,162.3370,162.4020
1784552400,162.4060,162.4780,162.3820,162.4690
1784556000,162.4770,162.5890,162.4590,162.5190
1784559600,162.5170,162.5870,162.5160,162.5630
1784563200,162.5630,162.6000,162.5160,162.5160
1784566800,162.5210,162.5310,162.4500,162.4590
1784570400,162.4580,162.5340,162.4140,162.4990
1784574000,162.4990,162.5170,162.4520,162.5110
1784577600,162.5110,162.5320,162.4680,162.4750
1784581200,162.4770,162.5100,162.4370,162.4850
1784584800,162.4410,162.5170,162.4100,162.4980
1784588400,162.4910,162.5090,162.4790,162.4800
1784592000,162.4800,162.5360,162.4380,162.5290
1784595600,162.5290,162.5370,162.4260,162.5020
1784599200,162.5010,162.5260,162.4770,162.4880
1784602800,162.4880,162.5170,162.4460,162.4860
1784606400,162.4820,162.5000,162.4640,162.4830
1784610000,162.4830,162.5270,162.4620,162.5070
1784613600,162.5030,162.5590,162.4800,162.5210
1784617200,162.5200,162.6180,162.5160,162.5950
1784620800,162.5960,162.7000,162.5770,162.6860
1784624400,162.6770,162.6960,162.6090,162.6620
1784628000,162.6620,162.7060,162.6350,162.6710
1784631600,162.6620,162.7580,162.6460,162.7260
1784635200,162.7240,162.8010,162.6900,162.7180
1784638800,162.7210,162.8940,162.7180,162.8640
1784642400,162.8650,163.0420,162.8530,163.0110
1784646000,163.0150,163.0380,162.9080,163.0150
1784649600,163.0120,163.0300,162.9500,163.0010
1784653200,163.0050,163.0300,162.9680,163.0260
1784656800,163.0280,163.2370,163.0210,163.1830
1784660400,163.1820,163.2210,163.1570,163.2000
1784664000,163.2020,163.2390,163.1540,163.1690
1784667600,163.1500,163.1820,163.1060,163.1410
1784671200,163.1410,163.2150,163.1360,163.1990
1784674800,163.1990,163.2280,163.1790,163.1830
1784678400,163.1850,163.2070,163.0220,163.1310
1784682000,163.1320,163.2040,163.0980,163.1430
1784685600,163.1440,163.1800,163.0660,163.1200
1784689200,163.1160,163.1680,163.1070,163.1540
1784692800,163.1500,163.1970,163.1430,163.1700
1784696400,163.1670,163.1880,163.0770,163.0870
1784700000,163.0820,163.1450,163.0420,163.0850
1784703600,163.0890,163.1370,162.6620,162.9360
1784707200,162.9420,163.1130,162.9040,162.9590
1784710800,162.9570,163.0520,162.9380,163.0270
1784714400,163.0270,163.0770,163.0000,163.0160
1784718000,163.0160,163.0800,162.9870,163.0700
1784721600,163.0700,163.1360,163.0330,163.1020
1784725200,163.0990,163.1090,163.0050,163.0520
1784728800,163.0520,163.1200,163.0340,163.1150
1784732400,163.1130,163.1330,163.0620,163.0790
1784736000,163.0760,163.1260,163.0600,163.1100
1784739600,163.1060,163.1780,163.1010,163.1560
1784743200,163.1530,163.1740,163.1000,163.1230
1784746800,163.1270,163.1610,163.1120,163.1470
1784750400,163.1480,163.1660,163.1270,163.1310
1784754000,163.1160,163.1290,163.0540,163.0890
1784757600,163.0810,163.1520,163.0510,163.1200
1784761200,163.1060,163.1250,163.0810,163.0810
1784764800,163.0810,163.1400,163.0360,163.0460
1784768400,163.0460,163.0870,162.9870,163.0640
1784772000,163.0520,163.1000,163.0400,163.0640
1784775600,163.0690,163.0860,163.0260,163.0430
1784779200,163.0390,163.0840,163.0220,163.0720
1784782800,163.0660,163.1100,163.0600,163.1090
1784786400,163.1040,163.1200,163.0630,163.1040
1784790000,163.1040,163.4270,163.1040,163.3120
1784793600,163.3110,163.4410,163.2780,163.3340
1784797200,163.3300,163.3970,163.2830,163.3710
1784800800,163.3680,163.3840,163.3400,163.3680
1784804400,163.3680,163.6480,163.2990,163.4820
1784808000,163.4900,163.7580,163.4470,163.6660
1784811600,163.6740,163.9650,163.6590,163.9580
1784815200,163.9630,163.9880,163.8660,163.9180
1784818800,163.9170,163.9540,163.7690,163.8000
1784822400,163.7990,163.8350,163.7130,163.7640
1784826000,163.7640,163.8440,163.7100,163.8410
1784829600,163.8390,163.8470,163.7710,163.7970
1784833200,163.8030,163.8570,163.7640,163.8190
1784836800,163.8170,163.8770,163.7920,163.8530
1784840400,163.8140,163.9160,163.7350,163.7790
1784844000,163.7830,163.8510,163.7400,163.8440
1784847600,163.8360,163.8700,163.7970,163.8360
1784851200,163.8320,163.9400,163.7890,163.8180
1784854800,163.8120,163.8620,163.7180,163.7690
1784858400,163.7720,163.8080,163.7220,163.7700
1784862000,163.7710,163.8670,163.7640,163.8030
1784865600,163.8040,163.8470,163.7740,163.8280
1784869200,163.8210,163.8470,163.7900,163.8420
1784872800,163.8330,163.8480,163.7580,163.7590
1784876400,163.7600,163.8020,163.6440,163.7610
1784880000,163.7600,163.8120,163.7170,163.7260
1784883600,163.7240,163.7660,163.6780,163.6830
1784887200,163.6890,163.8060,163.6690,163.7880
1784890800,163.7860,163.8400,163.7540,163.7960
1784894400,163.8020,163.8640,163.7930,163.8460
1784898000,163.8480,163.8800,163.7730,163.7790
1784901600,163.7770,163.8360,163.6880,163.7540
1784905200,163.7550,163.7730,163.6360,163.7040
1784908800,163.7110,163.7800,163.6980,163.7780
1784912400,163.7790,163.8390,163.7680,163.8130
1784916000,163.8070,163.8560,163.7920,163.8360
1784919600,163.8420,163.8540,163.8030,163.8480
1784923200,163.8470,163.8700,163.7910,163.7910
1785106800,163.6900,163.7000,163.6020,163.6110
1785110400,163.6160,163.6550,163.5130,163.6290
1785114000,163.6270,163.6380,163.4720,163.4720
1785117600,163.4730,163.5820,163.4490,163.5700
1785121200,163.5700,163.6140,163.5470,163.5730
1785124800,163.5710,163.5980,163.5440,163.5720
1785128400,163.5730,163.6070,163.5530,163.5840
1785132000,163.5840,163.6040,163.5030,163.5070
1785135600,163.5150,163.5380,163.3210,163.5210
1785139200,163.5200,163.5570,163.4870,163.5200
1785142800,163.5160,163.6070,163.4900,163.5250
1785146400,163.5250,163.6000,163.5250,163.5920
1785150000,163.5850,163.6510,163.5770,163.6400
1785153600,163.6400,163.7060,163.6200,163.6860
1785157200,163.6860,163.7590,163.6470,163.7430
1785160800,163.7440,163.7680,163.6880,163.6980
1785164400,163.7020,163.7240,163.6520,163.7090
1785168000,163.7090,163.7150,163.5790,163.6490
1785171600,163.6520,163.7350,163.6460,163.7230
1785175200,163.7230,163.7900,163.6840,163.7760
1785178800,163.7760,163.7760,163.6910,163.7330
1785182400,163.7340,163.7690,163.7180,163.7450
1785186000,163.6730,163.7190,163.6540,163.7130
1785189600,163.7120,163.7620,163.6930,163.7400
1785193200,163.7400,163.7860,163.7100,163.7710
1785196800,163.7710,163.8430,163.7310,163.7380
1785200400,163.7450,163.7920,163.7080,163.7680
1785204000,163.7590,163.7920,163.6690,163.7080
1785207600,163.7070,163.7690,163.6930,163.7560
1785211200,163.7560,163.7780,163.7390,163.7450
1785214800,163.7440,163.7720,163.7170,163.7330
1785218400,163.7330,163.7420,163.6620,163.7090
1785222000,163.7040,163.7940,163.7040,163.7840
1785225600,163.7790,163.8530,163.7540,163.8190
1785229200,163.8210,163.8890,163.8040,163.8740
1785232800,163.8750,163.9490,163.8590,163.9320
1785236400,163.9310,163.9380,163.9000,163.9270
1785240000,163.9270,163.9340,163.8370,163.8720
1785243600,163.8750,163.8850,163.8120,163.8180
1785247200,163.8270,163.8820,163.8120,163.8630
1785250800,163.8630,163.8660,163.6380,163.6510
1785254400,163.6500,163.7480,163.6380,163.7370
1785258000,163.7370,163.8150,163.7120,163.8000
1785261600,163.7980,163.8610,163.7650,163.8560
1785265200,163.8530,163.8710,163.8200,163.8550
1785268800,163.8540,163.8890,163.8080,163.8110
1785272400,163.7810,163.8400,163.6500,163.7940
1785276000,163.7790,163.8900,163.7690,163.8420
1785279600,163.8490,163.8740,163.8370,163.8590
1785283200,163.8590,163.8830,163.6620,163.6950
1785286800,163.7050,163.7800,163.6770,163.7130
1785290400,163.7190,163.7530,163.6510,163.7170
1785294000,163.7140,163.7230,163.5550,163.6260
1785297600,163.6180,163.6250,163.2720,163.4230
1785301200,163.4180,163.4970,163.3370,163.4940
1785304800,163.4940,163.5810,163.4460,163.5300
1785308400,163.5250,163.6930,163.4890,163.6790
1785312000,163.6730,163.6940,163.5500,163.5780
1785315600,163.5790,163.6180,163.4970,163.6050
1785319200,163.6070,163.6960,163.5970,163.6520
1785322800,163.6610,163.6880,163.6330,163.6390
1785326400,163.6370,163.8210,163.6260,163.8000
1785330000,163.7920,163.8120,163.7230,163.7450
1785333600,163.7440,163.8870,163.7310,163.8830
1785337200,163.8820,163.8880,163.8230,163.8580
1785340800,163.8530,163.9040,163.8520,163.8880
1785344400,163.8860,163.8970,163.7600,163.7630
1785348000,163.7840,163.8470,163.3100,163.3170
1785351600,163.3120,163.5190,163.2240,163.5080
1785355200,163.5080,163.5700,163.3440,163.3700
1785358800,163.3760,163.4140,163.3320,163.3770
1785362400,163.3760,163.4540,163.3590,163.3760
1785366000,163.3750,163.3890,163.2630,163.3000
1785369600,163.3080,163.5170,163.2020,163.4930
1785373200,163.4860,163.5350,163.4080,163.5020
1785376800,163.4970,163.5060,163.4440,163.4830
1785380400,163.4830,163.5530,163.4810,163.4960
1785384000,163.4950,163.5200,163.4560,163.4840
1785387600,163.4850,163.5480,163.4490,163.5320
1785391200,163.5320,163.6440,163.5270,163.6340
1785394800,163.6310,163.7390,163.5530,163.7320
1785398400,163.7220,163.7350,163.5990,163.6480
1785402000,163.6450,163.6510,163.2750,163.3060
1785405600,163.3010,163.3140,162.2580,162.8150
1785409200,162.8170,163.0430,162.7120,162.8870
1785412800,162.8880,162.9570,162.6860,162.9560
1785416400,162.9510,162.9590,159.7210,159.7450
1785420000,159.7400,159.9550,157.9230,159.2780
1785423600,159.2800,159.6220,158.8740,159.4720
1785427200,159.4630,159.6890,159.3630,159.5620
1785430800,159.5720,159.8450,158.4980,158.9960
1785434400,158.9810,159.0990,158.8360,158.8880
1785438000,158.8820,159.4310,158.8820,159.3370
1785441600,159.3460,159.6050,159.3340,159.5240
1785445200,159.5220,159.6710,159.4210,159.6190
1785448800,159.6460,159.7840,159.3530,159.7040
1785452400,159.6440,160.2130,159.5640,160.1740
1785456000,160.1870,160.6900,160.1360,160.5360
1785459600,160.5310,160.7460,160.3240,160.7270
1785463200,160.7380,160.7400,160.4270,160.5120
1785466800,160.4900,160.8780,160.4550,160.6080
1785470400,160.6030,160.8060,160.5550,160.6820
1785474000,160.6730,160.7480,160.5360,160.5970
1785477600,160.5930,160.6080,159.9210,160.2820
1785481200,160.2890,160.6470,160.1990,160.2000
1785484800,160.2040,160.5180,158.5180,158.9230
1785488400,158.9210,160.0870,158.5500,159.9890
1785492000,159.9960,160.1410,159.8530,159.9850
1785495600,159.9850,160.2580,159.9820,160.2080
1785499200,160.2050,160.4530,160.1610,160.3650
1785502800,160.3740,160.5390,159.1230,159.4820
1785506400,159.4950,159.5580,158.8950,159.2370
1785510000,159.2400,159.4250,158.8430,159.1650
1785513600,159.1660,159.3700,159.1110,159.3590
1785517200,159.3590,159.5080,158.1490,158.4890
1785520800,158.4860,159.1300,158.3020,158.8830
1785524400,158.8990,159.2400,158.8480,159.1750
1785528000,159.1660,159.2020,157.1510,157.5380
1785531600,157.4000,157.4000,157.4000,157.4000
